name,facing,district,building_year,price_range,transport_rating,amenities_score,has_sea_view,has_mountain_view,school_net,developer,management,layout_diversity,transaction_volume,rental_yield,price_trend,future_supply_pressure,description
太古城,子山午向,東區,1985,15000-20000,5,90,True,False,14,太古,太古城管理,高,高,3.5,stable,低,大型私人屋苑
康怡花園,子山午向,鰂魚涌,1985,13000-18000,5,88,False,False,14,協和,康怡管理,高,高,3.3,stable,低,鰂魚涌大型屋苑
鯉景灣,子山午向,西灣河,1988,12000-16000,4,85,True,False,16,太古,鯉景管理,高,高,3.4,stable,低,西灣河臨海屋苑
筲箕灣廣場,午山子向,筲箕灣,1992,10000-14000,5,80,False,False,16,新鴻基,筲箕灣管理,中,中,3.3,stable,低,筲箕灣私人屋苑
樂軒臺,午山子向,跑馬地,1993,18000-25000,4,82,False,False,12,恒基,樂軒管理,中,低,3.0,stable,低,跑馬地私人屋苑
港運城,午山子向,北角,1996,13000-18000,5,85,False,False,14,太古,港運城管理,高,高,3.2,stable,低,北角大型屋苑
城市花園,午山子向,北角,1984,12000-16000,5,84,False,False,14,長江,城市管理,高,高,3.3,stable,低,北角大型屋苑
黃埔花園,午山子向,紅磡,1986,11000-15000,5,85,False,False,35,和黃,黃埔管理,高,高,3.4,stable,低,紅磡大型屋苑
維港灣,子山午向,奧運站,2000,12000-16000,5,86,True,False,31,信和,維港管理,高,高,3.2,stable,低,奧運站臨海屋苑
柏景灣,子山午向,奧運站,2001,13000-17000,5,87,True,False,31,太古,柏景管理,高,高,3.1,stable,低,奧運站臨海屋苑
帝柏海灣,子山午向,奧運站,2003,14000-18000,5,88,True,False,31,信和,帝柏管理,高,高,3.0,stable,低,奧運站臨海屋苑
君匯港,子山午向,奧運站,2007,15000-20000,5,89,True,False,31,恒基,君匯管理,高,中,3.0,stable,低,奧運站臨海屋苑
浪澄灣,子山午向,奧運站,2006,14000-19000,5,88,True,False,31,恒基,浪澄管理,高,中,3.1,stable,低,奧運站臨海屋苑
一號銀海,子山午向,大角咀,2006,18000-24000,5,90,True,False,31,信和,一號銀海管理,高,中,2.9,stable,低,大角咀豪宅
海桃灣,子山午向,大角咀,2005,12000-16000,4,82,True,False,31,南豐,海桃管理,中,中,3.2,stable,低,大角咀臨海屋苑
港灣豪庭,子山午向,大角咀,2003,10000-14000,4,80,True,False,31,恒基,港灣管理,中,高,3.3,stable,低,大角咀臨海屋苑
天璽,子山午向,尖沙咀,2009,25000-35000,5,92,True,False,31,新鴻基,天璽管理,高,中,2.8,stable,低,尖沙咀豪宅
愛海頌,子山午向,長沙灣,2020,13000-18000,4,82,True,False,40,長江,愛海頌管理,中,中,3.0,rising,低,長沙灣新盤
尚翠苑,子山午向,荃灣,2017,9000-12000,4,75,False,False,62,房委會,尚翠苑管理,中,中,3.5,stable,低,荃灣居屋
萬景峯,卯山酉向,荃灣,2007,12000-16000,4,82,False,False,62,信和,萬景峯管理,高,中,3.2,stable,低,荃灣西私人屋苑
麗城花園,午山子向,荃灣,1988,8000-12000,4,75,False,False,62,長江,麗城管理,中,高,3.6,stable,低,荃灣西大型屋苑
灝景灣,丑山未向,青衣,1998,8000-12000,4,78,True,False,66,長江,灝景灣管理,中,中,3.5,stable,低,青衣臨海屋苑
愉景新城,午山子向,荃灣,1997,8000-12000,4,78,False,False,62,新世界,愉景管理,中,中,3.4,stable,低,荃灣大型屋苑
柏豐花園,卯山酉向,荃灣,2000,8000-12000,4,76,False,False,62,新鴻基,柏豐管理,中,中,3.5,stable,低,荃灣私人屋苑
荃灣中心,卯山酉向,荃灣,1982,7000-10000,4,75,False,False,62,新鴻基,荃灣中心管理,高,高,3.6,stable,低,荃灣大型屋苑
荃威花園,卯山酉向,荃灣,1978,6000-9000,4,70,False,False,62,新鴻基,荃威管理,高,高,3.7,stable,低,荃灣大型屋苑
海灣花園,卯山酉向,荃灣,1990,7000-10000,4,75,False,True,62,長江,海灣管理,中,中,3.5,stable,低,荃灣私人屋苑
翠豐臺,卯山酉向,荃灣,2003,8000-12000,4,78,False,False,62,恆大,翠豐管理,中,中,3.4,stable,低,荃灣私人屋苑
YOHO Town,卯山酉向,元朗,2005,12000-16000,5,85,False,False,74,新鴻基,YOHO管理,高,高,3.2,rising,低,元朗站頂屋苑
蝶翠峰,卯山酉向,元朗,2007,9000-13000,3,76,False,False,74,新鴻基,蝶翠管理,中,中,3.3,stable,低,元朗私人屋苑
世宙,卯山酉向,元朗,2016,10000-14000,4,80,False,False,74,長江,世宙管理,中,中,3.2,stable,低,元朗站頂屋苑
YOHOMidtown,卯山酉向,元朗,2010,11000-15000,5,85,False,False,74,新鴻基,YOHO管理,高,高,3.1,stable,低,元朗大型屋苑
溱柏,卯山酉向,元朗,2013,9000-13000,3,75,False,False,74,新世界,溱柏管理,中,中,3.3,stable,低,元朗私人屋苑
朗晴居,卯山酉向,元朗,2004,8000-12000,4,78,False,False,74,新鴻基,朗晴管理,中,中,3.4,stable,低,元朗私人屋苑
采葉庭,卯山酉向,元朗,2001,7000-11000,4,76,False,False,74,恆大,采葉管理,中,中,3.5,stable,低,元朗私人屋苑
尚悅,卯山酉向,元朗,2013,9000-13000,4,78,False,False,74,新鴻基,尚悅管理,中,中,3.2,stable,低,元朗私人屋苑
映御,卯山酉向,元朗,2018,10000-14000,4,80,False,False,74,恆大,映御管理,中,中,3.1,rising,低,元朗新盤
嘉湖山莊,乾山巽向,天水圍,1992,6000-9000,3,70,False,False,72,長江,嘉湖管理,高,高,3.8,stable,低,天水圍大型屋苑
天富苑,子山午向,天水圍,2000,5000-8000,3,65,False,False,72,房委會,天富管理,中,高,3.7,stable,低,天水圍居屋
天頌苑,子山午向,天水圍,1999,5000-8000,3,66,False,False,72,房委會,天頌管理,中,高,3.7,stable,低,天水圍居屋
天澤邨,子山午向,天水圍,1997,4000-7000,3,65,False,False,72,房委會,天澤管理,中,高,3.8,stable,低,天水圍公屋
天耀邨,子山午向,天水圍,1993,4000-7000,4,68,False,False,72,房委會,天耀管理,中,高,3.8,stable,低,天水圍公屋
天麗苑,子山午向,天水圍,1997,5000-8000,3,65,False,False,72,房委會,天麗管理,中,高,3.7,stable,低,天水圍居屋
天盛苑,子山午向,天水圍,2000,5000-8000,3,66,False,False,72,房委會,天盛管理,中,高,3.7,stable,低,天水圍居屋
天愛苑,子山午向,天水圍,2000,5000-8000,3,66,False,False,72,房委會,天愛管理,中,中,3.7,stable,低,天水圍居屋
天瑞邨,子山午向,天水圍,1993,4000-7000,4,68,False,False,72,房委會,天瑞管理,中,高,3.8,stable,低,天水圍公屋
天華邨,子山午向,天水圍,1999,4000-7000,3,65,False,False,72,房委會,天華管理,中,高,3.8,stable,低,天水圍公屋
天慈邨,子山午向,天水圍,1997,4000-7000,3,65,False,False,72,房委會,天慈管理,中,高,3.8,stable,低,天水圍公屋
天恒邨,子山午向,天水圍,2001,4000-7000,3,66,False,False,72,房委會,天恒管理,中,高,3.7,stable,低,天水圍公屋
天逸邨,子山午向,天水圍,2003,4000-7000,3,65,False,False,72,房委會,天逸管理,中,中,3.8,stable,低,天水圍公屋
天恩邨,子山午向,天水圍,2004,4000-7000,3,66,False,False,72,房委會,天恩管理,中,中,3.7,stable,低,天水圍公屋
天悅邨,子山午向,天水圍,2000,4000-7000,3,65,False,False,72,房委會,天悅管理,中,高,3.8,stable,低,天水圍公屋
天屏邨,子山午向,天水圍,2000,4000-7000,3,66,False,False,72,房委會,天屏管理,中,高,3.7,stable,低,天水圍公屋
將軍澳中心,卯山酉向,將軍澳,2001,10000-14000,5,85,False,False,95,南豐,將軍澳中心管理,高,高,3.4,stable,中,將軍澳站頂屋苑
日出康城,卯山酉向,將軍澳,2010,11000-15000,4,85,False,False,95,港鐵,日出管理,高,高,3.2,stable,中,將軍澳大型新盤
都會駅,卯山酉向,調景嶺,2006,9000-13000,5,83,False,False,95,港鐵,都會管理,高,高,3.4,stable,低,調景嶺站頂屋苑
新都城,午山子向,將軍澳,1996,9000-13000,4,80,False,False,95,恒基,新都城管理,高,高,3.5,stable,中,將軍澳大型屋苑
寶盈花園,午山子向,將軍澳,1997,6000-9000,4,70,False,False,95,房委會,寶盈管理,中,中,3.7,stable,低,將軍澳居屋
藍灣半島,午山子向,柴灣,2001,10000-14000,4,80,True,False,18,信和,藍灣管理,高,中,3.3,stable,低,柴灣臨海屋苑
沙田第一城,乾山巽向,沙田,1983,10000-15000,4,80,False,True,91,恒基,第一城管理,中,高,3.8,stable,中,沙田大型屋苑
新峰花園,坤山艮向,大埔,1995,8000-12000,3,72,False,True,84,新鴻基,新峰管理,中,中,3.5,stable,低,大埔私人屋苑
錦英苑,午山子向,馬鞍山,1991,7000-10000,3,72,False,True,89,房委會,錦英管理,中,中,3.5,stable,低,馬鞍山居屋
中心圍村屋,艮山坤向,沙田,1980,5000-8000,2,60,False,True,91,私人,村屋管理,低,低,4.0,stable,低,沙田村屋
One Innovale,乾山巽向,粉嶺,2021,10000-14000,3,75,False,False,80,恒基,One Innovale管理,中,中,3.3,rising,中,粉嶺新盤
帝御,乾山巽向,屯門,2020,8000-12000,3,70,False,True,71,長江,帝御管理,中,中,3.4,rising,中,屯門青山公路新盤
美孚新邨,子山午向,荔枝角,1968,10000-14000,5,85,False,False,40,恒基,美孚管理,高,高,3.2,stable,低,荔枝角大型屋苑
昇悅居,子山午向,荔枝角,2003,11000-15000,4,80,False,False,40,新鴻基,昇悅居管理,中,中,3.3,stable,中,荔枝角私人屋苑
麗港城,子山午向,茶果嶺,1990,10000-14000,4,80,True,False,48,長江,麗港管理,高,高,3.5,stable,低,藍灣半島臨海屋苑
海怡半島,午山子向,鴨脷洲,1992,14000-19000,4,88,True,False,18,和黃,海怡管理,高,高,3.1,stable,低,鴨脷洲大型屋苑
求其苑,卯山酉向,元朗,1998,7000-10000,3,70,False,False,74,小型,求其管理,低,低,3.5,stable,低,元朗小型屋苑
聯和墟,乾山巽向,粉嶺,1990,7000-10000,3,70,False,False,81,房協,聯和墟管理,中,中,3.5,stable,低,粉嶺居屋
清水灣半島,午山子向,將軍澳,2002,9000-13000,4,80,True,False,95,新鴻基,清水管理,中,中,3.3,stable,低,將軍澳臨海屋苑
屯門市廣場,卯山酉向,屯門,1987,7000-10000,5,82,False,False,71,信和,屯門市管理,高,高,3.5,stable,低,屯門大型屋苑
瓏門,卯山酉向,屯門,2013,9000-13000,5,85,False,False,71,港鐵,瓏門管理,高,高,3.2,stable,低,屯門站頂屋苑
御海灣,卯山酉向,屯門,2016,10000-14000,4,82,True,False,71,新鴻基,御海管理,中,中,3.1,stable,低,屯門臨海新盤
富豪花園,乾山巽向,沙田,1982,9000-12000,4,78,False,True,91,恒基,富豪管理,中,中,3.5,stable,低,沙田私人屋苑
偉華中心,乾山巽向,沙田,1985,8000-11000,4,76,False,False,91,新鴻基,偉華管理,中,中,3.5,stable,低,沙田私人屋苑
沙田廣場,乾山巽向,沙田,1988,10000-13000,5,80,False,False,91,恒基,沙田廣場管理,高,高,3.4,stable,低,沙田站頂屋苑
好運中心,乾山巽向,沙田,1983,8000-11000,4,75,False,False,91,新鴻基,好運管理,中,高,3.5,stable,低,沙田私人屋苑
銀禧花園,乾山巽向,火炭,1985,9000-12000,3,74,False,True,91,長江,銀禧管理,中,中,3.5,stable,低,火炭私人屋苑
駿景園,乾山巽向,火炭,1996,11000-15000,3,78,False,True,91,新鴻基,駿景管理,中,中,3.3,stable,低,火炭私人屋苑
碧濤花園,乾山巽向,馬鞍山,1993,8000-11000,3,74,False,True,89,新鴻基,碧濤管理,中,中,3.5,stable,低,馬鞍山私人屋苑
雅典居,乾山巽向,馬鞍山,1998,9000-12000,3,76,False,True,89,恒基,雅典管理,中,中,3.4,stable,低,馬鞍山私人屋苑
海典居,乾山巽向,馬鞍山,2001,10000-14000,3,78,True,True,89,新鴻基,海典管理,中,中,3.3,stable,低,馬鞍山臨海屋苑
聽濤雅苑,乾山巽向,馬鞍山,1997,9000-12000,3,76,False,True,89,恒基,聽濤管理,中,中,3.4,stable,低,馬鞍山私人屋苑
觀瀾雅軒,乾山巽向,馬鞍山,2002,10000-13000,3,77,False,True,89,新鴻基,觀瀾管理,中,中,3.3,stable,低,馬鞍山私人屋苑
嵐岸,乾山巽向,馬鞍山,2008,11000-15000,3,80,True,True,89,信和,嵐岸管理,中,中,3.2,stable,低,馬鞍山臨海屋苑
迎濤灣,乾山巽向,馬鞍山,2003,10000-14000,3,78,True,True,89,長江,迎濤管理,中,中,3.3,stable,低,馬鞍山臨海屋苑
錦泰苑,午山子向,馬鞍山,2000,7000-10000,3,70,False,True,89,房委會,錦泰管理,中,高,3.5,stable,低,馬鞍山居屋
錦龍苑,午山子向,馬鞍山,1993,6000-9000,3,68,False,True,89,房委會,錦龍管理,中,中,3.6,stable,低,馬鞍山居屋
錦禧苑,午山子向,馬鞍山,1995,7000-10000,3,69,False,True,89,房委會,錦禧管理,中,中,3.5,stable,低,馬鞍山居屋
錦鞍苑,午山子向,馬鞍山,1991,6000-9000,3,68,False,True,89,房委會,錦鞍管理,中,中,3.6,stable,低,馬鞍山居屋
錦暉苑,午山子向,馬鞍山,1990,6000-9000,3,67,False,True,89,房委會,錦暉管理,中,中,3.6,stable,低,馬鞍山居屋
錦豐苑,午山子向,馬鞍山,1996,7000-10000,3,69,False,True,89,房委會,錦豐管理,中,中,3.5,stable,低,馬鞍山居屋
錦德苑,午山子向,馬鞍山,2019,8000-11000,3,72,False,True,89,房委會,錦德管理,中,中,3.3,stable,低,馬鞍山居屋
杏花邨,卯山酉向,柴灣,1986,8000-15000,4,80,False,False,,,,中,中,3.0,stable,低,柴灣私人屋苑
寶翠園,子山午向,堅尼地城,2000,8000-15000,4,80,False,False,,,,中,中,3.0,stable,低,堅尼地城私人屋苑
貝沙灣,午山子向,數碼港,2004,8000-15000,4,80,False,False,,,,中,中,3.0,stable,低,數碼港私人屋苑
泓都,酉山卯向,堅尼地城,2005,8000-15000,4,80,False,False,,,,中,中,3.0,stable,低,堅尼地城私人屋苑
嘉亨灣,子山午向,西灣河,2005,8000-15000,4,80,False,False,,,,中,中,3.0,stable,低,西灣河私人屋苑
愛蝶灣,巽山乾向,筲箕灣,2001,8000-15000,4,80,False,False,,,,中,中,3.0,stable,低,筲箕灣私人屋苑
柏匯,午山子向,筲箕灣,2016,8000-15000,4,80,False,False,,,,中,中,3.0,stable,低,筲箕灣私人屋苑
香島,酉山卯向,柴灣,2018,8000-15000,4,80,False,False,,,,中,中,3.0,stable,低,柴灣私人屋苑
維港頌,子山午向,北角,2019,8000-15000,4,80,False,False,,,,中,中,3.0,stable,低,北角私人屋苑
海逸豪園,卯山酉向,紅磡,1998,8000-15000,4,80,False,False,,,,中,中,3.0,stable,低,紅磡私人屋苑
宇晴軒,子山午向,荔枝角,2004,8000-15000,4,80,False,False,,,,中,中,3.0,stable,低,荔枝角私人屋苑
擎天半島,子山午向,九龍站,2003,8000-15000,4,80,False,False,,,,中,中,3.0,stable,低,九龍站私人屋苑
君臨天下,酉山卯向,九龍站,2003,8000-15000,4,80,False,False,,,,中,中,3.0,stable,低,九龍站私人屋苑
觀塘麗晶花園,午山子向,觀塘,1985,8000-15000,4,80,False,False,,,,中,中,3.0,stable,低,觀塘私人屋苑
淘大花園,子山午向,牛頭角,1981,8000-15000,4,80,False,False,,,,中,中,3.0,stable,低,牛頭角私人屋苑
德福花園,卯山酉向,九龍灣,1980,8000-15000,4,80,False,False,,,,中,中,3.0,stable,低,九龍灣私人屋苑
麗晶花園,酉山卯向,九龍灣,1984,8000-15000,4,80,False,False,,,,中,中,3.0,stable,低,九龍灣私人屋苑
曉麗苑,乾山巽向,秀茂坪,1997,8000-15000,4,80,False,False,,,,中,中,3.0,stable,低,秀茂坪居屋
安達邨,子山午向,秀茂坪,2016,8000-15000,4,80,False,False,,,,中,中,3.0,stable,低,秀茂坪公屋
新港城,卯山酉向,馬鞍山,1993,8000-15000,4,80,False,False,,,,中,中,3.0,stable,低,馬鞍山私人屋苑
馬鞍山中心,子山午向,馬鞍山,1994,8000-15000,4,80,False,False,,,,中,中,3.0,stable,低,馬鞍山私人屋苑
曉峰灣畔,酉山卯向,馬鞍山,2000,8000-15000,4,80,False,False,,,,中,中,3.0,stable,低,馬鞍山私人屋苑
天宇海,子山午向,馬鞍山,2011,8000-15000,4,80,False,False,,,,中,中,3.0,stable,低,馬鞍山私人屋苑
迎海,午山子向,馬鞍山,2013,8000-15000,4,80,False,False,,,,中,中,3.0,stable,低,馬鞍山私人屋苑
星漣海,酉山卯向,馬鞍山,2016,8000-15000,4,80,False,False,,,,中,中,3.0,stable,低,馬鞍山私人屋苑
翠擁華庭,卯山酉向,馬鞍山,2000,8000-15000,4,80,False,False,,,,中,中,3.0,stable,低,馬鞍山私人屋苑
銀湖天峰,乾山巽向,馬鞍山,2009,8000-15000,4,80,False,False,,,,中,中,3.0,stable,低,馬鞍山私人屋苑
蔚藍灣畔,卯山酉向,坑口,2002,8000-15000,4,80,False,False,,,,中,中,3.0,stable,低,坑口私人屋苑
東港城,酉山卯向,將軍澳,1997,8000-15000,4,80,False,False,,,,中,中,3.0,stable,低,將軍澳私人屋苑
維景灣畔,子山午向,調景嶺,2004,8000-15000,4,80,False,False,,,,中,中,3.0,stable,低,調景嶺私人屋苑
城中駅,卯山酉向,調景嶺,2007,8000-15000,4,80,False,False,,,,中,中,3.0,stable,低,調景嶺私人屋苑
南豐廣場,酉山卯向,將軍澳,1999,8000-15000,4,80,False,False,,,,中,中,3.0,stable,低,將軍澳私人屋苑
東堤灣畔,卯山酉向,東涌,1999,8000-15000,4,80,False,False,,,,中,中,3.0,stable,低,東涌私人屋苑
映灣園,午山子向,東涌,2002,8000-15000,4,80,False,False,,,,中,中,3.0,stable,低,東涌私人屋苑
昇薈,酉山卯向,東涌,2016,8000-15000,4,80,False,False,,,,中,中,3.0,stable,低,東涌私人屋苑
東環,乾山巽向,東涌,2017,8000-15000,4,80,False,False,,,,中,中,3.0,stable,低,東涌私人屋苑
天賦海灣,子山午向,白石角,2013,8000-15000,4,80,False,False,,,,中,中,3.0,stable,低,白石角私人屋苑
逸瓏灣,午山子向,白石角,2015,8000-15000,4,80,False,False,,,,中,中,3.0,stable,低,白石角私人屋苑
海日灣,卯山酉向,白石角,2018,8000-15000,4,80,False,False,,,,中,中,3.0,stable,低,白石角私人屋苑
溱岸8號,酉山卯向,火炭,2015,8000-15000,4,80,False,False,,,,中,中,3.0,stable,低,火炭私人屋苑
御龍山,乾山巽向,火炭,2009,8000-15000,4,80,False,False,,,,中,中,3.0,stable,低,火炭私人屋苑
名城,午山子向,大圍,2011,8000-15000,4,80,False,False,,,,中,中,3.0,stable,低,大圍私人屋苑
世界花園,卯山酉向,大圍,1982,8000-15000,4,80,False,False,,,,中,中,3.0,stable,低,大圍私人屋苑
金獅花園,酉山卯向,隔田,1986,8000-15000,4,80,False,False,,,,中,中,3.0,stable,低,隔田私人屋苑
豐盛苑,乾山巽向,大圍,1985,8000-15000,4,80,False,False,,,,中,中,3.0,stable,低,大圍居屋
灣景花園,酉山卯向,荃灣,1988,8000-15000,4,80,False,False,,,,中,中,3.0,stable,低,荃灣私人屋苑
深井浪翠園,乾山巽向,深井,1986,8000-15000,4,80,False,False,,,,中,中,3.0,stable,低,深井私人屋苑
叠茵庭,卯山酉向,屯門,1999,8000-15000,4,80,False,False,,,,中,中,3.0,stable,低,屯門私人屋苑
新屯門中心,酉山卯向,屯門,1990,8000-15000,4,80,False,False,,,,中,中,3.0,stable,低,屯門私人屋苑
慧豐園,乾山巽向,屯門,1992,8000-15000,4,80,False,False,,,,中,中,3.0,stable,低,屯門私人屋苑
天晴邨,卯山酉向,天水圍,2008,8000-15000,4,80,False,False,,,,中,中,3.0,stable,低,天水圍公屋
富泰邨,乾山巽向,屯門,2000,8000-15000,4,80,False,False,,,,中,中,3.0,stable,低,屯門公屋
良景邨,子山午向,屯門,1988,8000-15000,4,80,False,False,,,,中,中,3.0,stable,低,屯門公屋
山景邨,午山子向,屯門,1983,8000-15000,4,80,False,False,,,,中,中,3.0,stable,低,屯門公屋
富健花園,卯山酉向,屯門,1999,8000-15000,4,80,False,False,,,,中,中,3.0,stable,低,屯門居屋
兆麟苑,酉山卯向,屯門,1997,8000-15000,4,80,False,False,,,,中,中,3.0,stable,低,屯門居屋
悅湖山莊,乾山巽向,屯門,1994,8000-15000,4,80,False,False,,,,中,中,3.0,stable,低,屯門私人屋苑
豫豐花園,子山午向,屯門,1993,8000-15000,4,80,False,False,,,,中,中,3.0,stable,低,屯門私人屋苑
大興花園,午山子向,屯門,1992,8000-15000,4,80,False,False,,,,中,中,3.0,stable,低,屯門私人屋苑
屯門花園,卯山酉向,屯門,1987,8000-15000,4,80,False,False,,,,中,中,3.0,stable,低,屯門私人屋苑
時代廣場,酉山卯向,屯門,1992,8000-15000,4,80,False,False,,,,中,中,3.0,stable,低,屯門私人屋苑
青怡花園,乾山巽向,青衣,1986,8000-15000,4,80,False,False,,,,中,中,3.0,stable,低,青衣私人屋苑
長安邨,子山午向,青衣,1987,8000-15000,4,80,False,False,,,,中,中,3.0,stable,低,青衣公屋
長亨邨,午山子向,青衣,1990,8000-15000,4,80,False,False,,,,中,中,3.0,stable,低,青衣公屋
長康邨,卯山酉向,青衣,1985,8000-15000,4,80,False,False,,,,中,中,3.0,stable,低,青衣公屋
美景花園,酉山卯向,青衣,1982,8000-15000,4,80,False,False,,,,中,中,3.0,stable,低,青衣私人屋苑
藍澄灣,乾山巽向,青衣,2000,8000-15000,4,80,False,False,,,,中,中,3.0,stable,低,青衣私人屋苑
盈翠半島,子山午向,青衣,2000,8000-15000,4,80,False,False,,,,中,中,3.0,stable,低,青衣私人屋苑
宏福花園,午山子向,青衣,1995,8000-15000,4,80,False,False,,,,中,中,3.0,stable,低,青衣私人屋苑
偉景花園,卯山酉向,青衣,1991,8000-15000,4,80,False,False,,,,中,中,3.0,stable,低,青衣私人屋苑
海欣花園,酉山卯向,青衣,2000,8000-15000,4,80,False,False,,,,中,中,3.0,stable,低,青衣私人屋苑
曉峰園,乾山巽向,青衣,1995,8000-15000,4,80,False,False,,,,中,中,3.0,stable,低,青衣私人屋苑
翠怡花園,子山午向,青衣,1989,8000-15000,4,80,False,False,,,,中,中,3.0,stable,低,青衣私人屋苑
青泰苑,午山子向,青衣,1999,8000-15000,4,80,False,False,,,,中,中,3.0,stable,低,青衣居屋
青華苑,卯山酉向,青衣,1986,8000-15000,4,80,False,False,,,,中,中,3.0,stable,低,青衣居屋
青盛苑,酉山卯向,青衣,1985,8000-15000,4,80,False,False,,,,中,中,3.0,stable,低,青衣居屋
翠瑤苑,乾山巽向,青衣,1993,8000-15000,4,80,False,False,,,,中,中,3.0,stable,低,青衣居屋
海悅花園,子山午向,青衣,1991,8000-15000,4,80,False,False,,,,中,中,3.0,stable,低,青衣私人屋苑
青逸軒,午山子向,青衣,2007,8000-15000,4,80,False,False,,,,中,中,3.0,stable,低,青衣私人屋苑
長發邨,酉山卯向,青衣,1986,8000-15000,4,80,False,False,,,,中,中,3.0,stable,低,青衣公屋
青雅苑,乾山巽向,青衣,1999,8000-15000,4,80,False,False,,,,中,中,3.0,stable,低,青衣居屋
青富苑,子山午向,青衣,2022,8000-15000,4,80,False,False,,,,中,中,3.0,stable,低,青衣綠置居
青荷樓,午山子向,青衣,2024,8000-15000,4,80,False,False,,,,中,中,3.0,stable,低,青衣公屋
維港1號,午山子向,啟德,2023,8000-15000,4,80,False,False,,,,中,中,3.0,stable,低,啟德私人屋苑
MIAMI QUAY,子山午向,啟德,2023,8000-15000,4,80,False,False,,,,中,中,3.0,stable,低,啟德私人屋苑
天瀧,乾山巽向,啟德,2024,8000-15000,4,80,False,False,,,,中,中,3.0,stable,低,啟德私人屋苑
澐璟,卯山酉向,啟德,2024,8000-15000,4,80,False,False,,,,中,中,3.0,stable,低,啟德私人屋苑
HENLEY PARK,午山子向,啟德,2023,8000-15000,4,80,False,False,,,,中,中,3.0,stable,低,啟德私人屋苑
嘉峯匯,子山午向,啟德,2021,8000-15000,4,80,False,False,,,,中,中,3.0,stable,低,啟德私人屋苑
瑜一,巽山乾向,何文田,2024,8000-15000,4,80,False,False,,,,中,中,3.0,stable,低,何文田私人屋苑
朗賢峯,乾山巽向,何文田,2025,8000-15000,4,80,False,False,,,,中,中,3.0,stable,低,何文田私人屋苑
何文田山畔,午山子向,何文田,2016,8000-15000,4,80,False,False,,,,中,中,3.0,stable,低,何文田私人屋苑
皓畋,子山午向,何文田,2017,8000-15000,4,80,False,False,,,,中,中,3.0,stable,低,何文田私人屋苑
One Homantin,卯山酉向,何文田,2017,8000-15000,4,80,False,False,,,,中,中,3.0,stable,低,何文田私人屋苑
冠德苑,乾山巽向,何文田,2020,8000-15000,4,80,False,False,,,,中,中,3.0,stable,低,何文田居屋
晉環,午山子向,黃竹坑,2023,8000-15000,4,80,False,False,,,,中,中,3.0,stable,低,黃竹坑私人屋苑
揚海,子山午向,黃竹坑,2023,8000-15000,4,80,False,False,,,,中,中,3.0,stable,低,黃竹坑私人屋苑
海盈山,乾山巽向,黃竹坑,2024,8000-15000,4,80,False,False,,,,中,中,3.0,stable,低,黃竹坑私人屋苑
寶翠園,子山午向,西半山,2000,8000-15000,4,80,False,False,,,,中,中,3.0,stable,低,西半山私人屋苑
維壹,午山子向,西半山,2012,8000-15000,4,80,False,False,,,,中,中,3.0,stable,低,西半山私人屋苑
Kensington Hill,卯山酉向,西半山,2016,8000-15000,4,80,False,False,,,,中,中,3.0,stable,低,西半山私人屋苑
Imperial Kennedy,乾山巽向,西半山,2016,8000-15000,4,80,False,False,,,,中,中,3.0,stable,低,西半山私人屋苑
Lexington Hill,巽山乾向,西半山,2014,8000-15000,4,80,False,False,,,,中,中,3.0,stable,低,西半山私人屋苑
西浦,子山午向,西半山,2013,8000-15000,4,80,False,False,,,,中,中,3.0,stable,低,西半山私人屋苑
縉城峰,午山子向,西半山,2010,8000-15000,4,80,False,False,,,,中,中,3.0,stable,低,西半山私人屋苑
匯賢居,乾山巽向,西半山,2007,8000-15000,4,80,False,False,,,,中,中,3.0,stable,低,西半山私人屋苑
NOVA,卯山酉向,西半山,2005,8000-15000,4,80,False,False,,,,中,中,3.0,stable,低,西半山私人屋苑
星鑽,子山午向,西半山,2019,8000-15000,4,80,False,False,,,,中,中,3.0,stable,低,西半山私人屋苑
地利根德閣,午山子向,中半山,1996,8000-15000,4,80,False,False,,,,中,中,3.0,stable,低,中半山私人屋苑
曉峰閣,子山午向,中半山,1996,8000-15000,4,80,False,False,,,,中,中,3.0,stable,低,中半山私人屋苑
帝景園,乾山巽向,中半山,1996,8000-15000,4,80,False,False,,,,中,中,3.0,stable,低,中半山私人屋苑
花園台,卯山酉向,中半山,1984,8000-15000,4,80,False,False,,,,中,中,3.0,stable,低,中半山私人屋苑
愛都大廈,巽山乾向,中半山,1983,8000-15000,4,80,False,False,,,,中,中,3.0,stable,低,中半山私人屋苑
囍滙,午山子向,灣仔,2014,8000-15000,4,80,False,False,,,,中,中,3.0,stable,低,灣仔私人屋苑
維港峰,子山午向,灣仔,2015,8000-15000,4,80,False,False,,,,中,中,3.0,stable,低,灣仔私人屋苑
樂聲大廈,乾山巽向,灣仔,1971,8000-15000,4,80,False,False,,,,中,中,3.0,stable,低,灣仔私人屋苑
壹環,卯山酉向,灣仔,2013,8000-15000,4,80,False,False,,,,中,中,3.0,stable,低,灣仔私人屋苑
星域軒,巽山乾向,灣仔,2000,8000-15000,4,80,False,False,,,,中,中,3.0,stable,低,灣仔私人屋苑
尚翹峰,午山子向,灣仔,2006,8000-15000,4,80,False,False,,,,中,中,3.0,stable,低,灣仔私人屋苑
修頓花園,子山午向,灣仔,1988,8000-15000,4,80,False,False,,,,中,中,3.0,stable,低,灣仔私人屋苑
駿逸峰,乾山巽向,灣仔,2003,8000-15000,4,80,False,False,,,,中,中,3.0,stable,低,灣仔私人屋苑
禮頓山,午山子向,跑馬地,2002,8000-15000,4,80,False,False,,,,中,中,3.0,stable,低,跑馬地私人屋苑
雲地利台,子山午向,跑馬地,1986,8000-15000,4,80,False,False,,,,中,中,3.0,stable,低,跑馬地私人屋苑
大坑名門,乾山巽向,大坑,2007,8000-15000,4,80,False,False,,,,中,中,3.0,stable,低,大坑私人屋苑
龍園,卯山酉向,大坑,1999,8000-15000,4,80,False,False,,,,中,中,3.0,stable,低,大坑私人屋苑
又一居,子山午向,九龍塘,1995,8000-15000,4,80,False,False,,,,中,中,3.0,stable,低,九龍塘私人屋苑
畢架山一號,午山子向,九龍塘,2004,8000-15000,4,80,False,False,,,,中,中,3.0,stable,低,九龍塘私人屋苑
賢文禮士,乾山巽向,九龍塘,2017,8000-15000,4,80,False,False,,,,中,中,3.0,stable,低,九龍塘私人屋苑
麥花臣匯,卯山酉向,旺角,2013,8000-15000,4,80,False,False,,,,中,中,3.0,stable,低,旺角私人屋苑
別樹華軒,子山午向,太子,2003,8000-15000,4,80,False,False,,,,中,中,3.0,stable,低,太子私人屋苑
曉珀,午山子向,太子,2015,8000-15000,4,80,False,False,,,,中,中,3.0,stable,低,太子私人屋苑
NOVO LAND,乾山巽向,屯門,2023,8000-15000,4,80,False,False,,,,中,中,3.0,stable,低,屯門私人屋苑
御半山,子山午向,屯門,2019,8000-15000,4,80,False,False,,,,中,中,3.0,stable,低,屯門私人屋苑
上源,午山子向,屯門,2020,8000-15000,4,80,False,False,,,,中,中,3.0,stable,低,屯門私人屋苑
峻瀅,子山午向,馬鞍山,2014,8000-15000,4,80,False,False,,,,中,中,3.0,stable,低,馬鞍山私人屋苑
Grand YOHO,子山午向,元朗,2017,8000-15000,4,80,False,False,,,,中,中,3.0,stable,低,元朗私人屋苑
朗屏8號,乾山巽向,元朗,2016,8000-15000,4,80,False,False,,,,中,中,3.0,stable,低,元朗私人屋苑
Yoho Hub,卯山酉向,元朗,2023,8000-15000,4,80,False,False,,,,中,中,3.0,stable,低,元朗私人屋苑
栢慧豪園,午山子向,天水圍,2008,8000-15000,4,80,False,False,,,,中,中,3.0,stable,低,天水圍私人屋苑
慧景軒,子山午向,天水圍,2004,8000-15000,4,80,False,False,,,,中,中,3.0,stable,低,天水圍私人屋苑
LP6,乾山巽向,將軍澳,2020,8000-15000,4,80,False,False,,,,中,中,3.0,stable,低,將軍澳私人屋苑
MALIBU,子山午向,將軍澳,2019,8000-15000,4,80,False,False,,,,中,中,3.0,stable,低,將軍澳私人屋苑
MARINI,午山子向,將軍澳,2020,8000-15000,4,80,False,False,,,,中,中,3.0,stable,低,將軍澳私人屋苑
LP10,卯山酉向,將軍澳,2021,8000-15000,4,80,False,False,,,,中,中,3.0,stable,低,將軍澳私人屋苑
SEA TO SKY,乾山巽向,將軍澳,2021,8000-15000,4,80,False,False,,,,中,中,3.0,stable,低,將軍澳私人屋苑
凱柏峰,子山午向,將軍澳,2023,8000-15000,4,80,False,False,,,,中,中,3.0,stable,低,將軍澳私人屋苑
柏傲莊,午山子向,大圍,2022,8000-15000,4,80,False,False,,,,中,中,3.0,stable,低,大圍私人屋苑
瓏珀山,子山午向,沙田,2023,8000-15000,4,80,False,False,,,,中,中,3.0,stable,低,沙田私人屋苑
瀧珀,乾山巽向,沙田,2021,8000-15000,4,80,False,False,,,,中,中,3.0,stable,低,沙田私人屋苑
柏傲灣,子山午向,荃灣,2019,8000-15000,4,80,False,False,,,,中,中,3.0,stable,低,荃灣私人屋苑
全·城滙,午山子向,荃灣,2019,8000-15000,4,80,False,False,,,,中,中,3.0,stable,低,荃灣私人屋苑
映日灣,乾山巽向,荃灣,2020,8000-15000,4,80,False,False,,,,中,中,3.0,stable,低,荃灣私人屋苑
海之戀,卯山酉向,荃灣,2018,8000-15000,4,80,False,False,,,,中,中,3.0,stable,低,荃灣私人屋苑
維港滙,午山子向,南昌,2023,8000-15000,4,80,False,False,,,,中,中,3.0,stable,低,南昌私人屋苑
匯璽,子山午向,南昌,2019,8000-15000,4,80,False,False,,,,中,中,3.0,stable,低,南昌私人屋苑
利奧坊,乾山巽向,旺角,2021,8000-15000,4,80,False,False,,,,中,中,3.0,stable,低,旺角私人屋苑
君滙港,子山午向,大角咀,2006,8000-15000,4,80,False,False,,,,中,中,3.0,stable,低,大角咀私人屋苑
