title,district,estate,unit_info,price,price_raw,build_area,usable_area,rooms,facing,property_type,decoration,views,features,agent,posted_time,url,year_built,yun,estate_facing
20/6*業主割愛蝕讓 收租自住佳宜*歡迎約睇,旺角,利晴灣23,利．晴灣23 中層 A室,430,售 $430 萬元,,276,,子山午向,私人屋苑,豪華裝修,開揚景,,美聯物業,3分鐘前,https://www.28hse.com/buy/apartment/property-3899396,,,子山午向
(凱樂智選)兩房放盤!可以約睇!,荃灣,尚翠苑,B座 高層 7室,483,售 $483 萬元,,441,2房,子山午向,居屋,雅緻裝修,開揚景,,凱樂物業有限公司,11分鐘前,https://www.28hse.com/buy/apartment/property-3899374,2017,八運,子山午向
**3房2厠 **罕有性價比高單位 *用家至愛！,天水圍,嘉湖山莊,第5期(麗湖居) 10座 中層,498,售 $498 萬元,,630,3房,乾山巽向,私人屋苑,基本裝修,園景,,中原地產,12分鐘前,https://www.28hse.com/buy/apartment/property-3899372,1992,七運,乾山巽向
【中原主區】優皮至愛！靚裝西南高層海景,深井(荃灣),豪景花園,第二期 第二期 9座 (雅仕閣) 高層 C室,600,售 $600 萬元,,715,2房,子山午向,私人屋苑,雅緻裝修,,,中原地產,13分鐘前,https://www.28hse.com/buy/apartment/property-3899371,,,子山午向
激筍三房推介 業主割愛 還價即成,奧運,維港灣,7座 高層 F室,2050,"售 $2,050 萬元",,904,3房,子山午向,私人屋苑,,開揚景,,美聯物業代理有限公司,13分鐘前,https://www.28hse.com/buy/apartment/property-3899369,2000,七運,子山午向
新都城1期兩房上車盤 ，有匙引看，有誠意可以倾價。,寶琳,新都城,1期 第一期 3座 中層 B室,620,售 $620 萬元,,364,2房,午山子向,私人屋苑,雅緻裝修,,,美聯物業代理有限公司,16分鐘前,https://www.28hse.com/buy/apartment/property-3899363,1996,七運,午山子向
珀麗灣 ·東南開揚園景 投資自用之選（香港置業好推介）歡迎查詢 Ray Lam,馬灣,珀麗灣,第3期 19座 中層 E室,520,售 $520 萬元,,490,2房,乾山巽向,私人屋苑,,園景,,香港置業,17分鐘前,https://www.28hse.com/buy/apartment/property-3899361,,,乾山巽向
筍 嘉湖兩房價錢買三房 近西鐵及輕鐵 交通方便,天水圍,嘉湖山莊,第1期(樂湖居) 3座 低層,450,售 $450 萬元,,548,3房,乾山巽向,私人屋苑,,,近地鐵站,中原地產,24分鐘前,https://www.28hse.com/buy/apartment/property-3899344,1992,七運,乾山巽向
青怡花園中層開揚兩房 雅緻企理裝修 可約睇 價錢可議,青衣,青怡花園,1座 中層 A室,500,售 $500 萬元,,343,2房,子山午向,私人屋苑,,園景|開揚景,有會所|近地鐵站|近大型商場|優質校網,利嘉閣地產有限公司,31分鐘前,https://www.28hse.com/buy/apartment/property-3899323,1986,,子山午向
粉嶺 牽晴間 | 11座 中層 C室,粉嶺,牽晴間,11座 中層 C室,498,售 $498 萬元,,401,2房,乾山巽向,私人屋苑,,,,中原地產,39分鐘前,https://www.28hse.com/buy/apartment/property-3899302,,,乾山巽向
明翹匯底層開揚池景一房 清幽山景 可約睇,青衣,明翹匯,2座 低層 G室,468,售 $468 萬元,,299,1房,卯山酉向,私人屋苑,,山景|園景|泳池景,有會所|近大型商場|有露台,利嘉閣地產有限公司,40分鐘前,https://www.28hse.com/buy/apartment/property-3899297,,,卯山酉向
大圍 名城 | 1期 5座 高層,大圍,名城,1期 5座 高層,1290,"售 $1,290 萬元",,679,3房,卯山酉向,私人屋苑,,,,利嘉閣地產有限公司,42分鐘前,https://www.28hse.com/buy/apartment/property-3899294,2011,,卯山酉向
海欣花園超筍高層開揚兩房 企理裝修 即約即睇,青衣,海欣花園,3座 高層 H室,678,售 $678 萬元,,507,2房,子山午向,私人屋苑,雅緻裝修,開揚景|樓景,有會所|近地鐵站|近大型商場|優質校網,利嘉閣地產有限公司,47分鐘前,https://www.28hse.com/buy/apartment/property-3899278,2000,,子山午向
【可試$760萬】獨家盤【有票盡傾】,荔枝角,宇晴軒,7座 中層 E室,778,售 $778 萬元,,445,2房,午山子向,私人屋苑,,山景,,美聯物業代理有限公司,50分鐘前,https://www.28hse.com/buy/apartment/property-3899269,2004,,午山子向
"未補地價 3 房 , 1 浴室 向東 居屋 望開揚景 豪華裝修",南昌,凱德苑,中層 4室,680,售 $680 萬元,,522,3房,子山午向,居屋,豪華裝修,開揚景,,凱樂物業有限公司,53分鐘前,https://www.28hse.com/buy/apartment/property-3899264,,,子山午向
天水圍 嘉湖山莊 | 第1期(樂湖居) 3座 高層 F室,天水圍,嘉湖山莊,第1期(樂湖居) 3座 高層 F室,428,售 $428 萬元,,449,2房,乾山巽向,私人屋苑,,山景|開揚景|市景,獨家盤,美联物业,55分鐘前,https://www.28hse.com/buy/apartment/property-3899258,1992,七運,乾山巽向
"2 房 , 1 浴室 向西 私人屋苑 新鴻基",荔枝角,宇晴軒,3座 高層,850,售 $850 萬元,,441,2房,卯山酉向,私人屋苑,,,,利嘉閣地產有限公司,1小時前,https://www.28hse.com/buy/apartment/property-3899245,2004,,卯山酉向
[ 附雅緻裝修+約睇] 港鐵旁上車首選！嘉輝花園 高層開揚一房 業主換樓誠售,堅尼地城,嘉輝花園,C座 高層,488,售 $488 萬元,,281,1房,乾山巽向,私人屋苑,雅緻裝修,開揚景|市景,,智高物業,1小時前,https://www.28hse.com/buy/apartment/property-3899228,,,乾山巽向
真盤*基座商場*開揚3房，地鐵站生活便利 *真盤皇*JACKIE WONG小姐,將軍澳,將軍澳中心,第一期 8座 低層 A室,880,售 $880 萬元,,541,3房,卯山酉向,私人屋苑,,,,中原地產代理有限公司,1小時前,https://www.28hse.com/buy/apartment/property-3899218,2001,七運,卯山酉向
元朗 蝶翠峰 | 第五期(尚悅‧嶺) 1座 低層 A室,元朗,蝶翠峰,第五期(尚悅‧嶺) 1座 低層 A室,435,售 $435 萬元,,378,2房,卯山酉向,私人屋苑,雅緻裝修,,,美聯物業代理有限公司,1小時前,https://www.28hse.com/buy/apartment/property-3899207,2007,八運,卯山酉向
3 房 向西北 私人屋苑 新世界,屯門,天生樓,中層 D室,850,售 $850 萬元,,745,3房,卯山酉向,私人屋苑,,,,美聯物業,1小時前,https://www.28hse.com/buy/apartment/property-3899199,,,卯山酉向
真盤源 Angel推介見票有驚喜驚喜驚喜，驚喜，驚喜落成四年新樓望住啟德河,啟德,Monaco,第1期 2B座 中層 B室,1250,"售 $1,250 萬元",,480,2房,午山子向,私人屋苑,雅緻裝修,,,利嘉閣地產,1小時前,https://www.28hse.com/buy/apartment/property-3899184,,,午山子向
[日訊物業海之戀佣金回贈計劃] 獨家只得我地有 超大三房套,荃灣,海之戀,‧愛炫美 1座 低層,1500,"售 $1,500 萬元",,807,3房,子山午向,私人屋苑,雅緻裝修,樓景|海景,有會所|近地鐵站|有露台,日訊物業代理有限公司,2小時前,https://www.28hse.com/buy/apartment/property-3899175,2018,,子山午向
(業主底價$860萬）東南海景樓 靚仔真實盤 可以約到睇樓，不是凶宅，超底水荀盤,將軍澳,將軍澳中心,第二期 2座 中層 C室,957,售 $957 萬元,,677,3房,卯山酉向,私人屋苑,,,,中原地產,2小時前,https://www.28hse.com/buy/apartment/property-3899171,2001,七運,卯山酉向
罕有放盤 新鴻基高級豪宅天鑄 34校網,何文田,天鑄,(第1期) 6座 低層 A室,6300,"售 $6,300 萬元",,2018,4房,卯山酉向,私人屋苑,,,,中原地產,2小時前,https://www.28hse.com/buy/apartment/property-3899168,,,卯山酉向
元朗 世宙 | 第3座 高層 D室,元朗,世宙,第3座 高層 D室,700,售 $700 萬元,,426,2房,卯山酉向,私人屋苑,雅緻裝修,開揚景,VR,美聯物業代理有限公司,2小時前,https://www.28hse.com/buy/apartment/property-3899147,2016,八運,卯山酉向
元朗 The YOHO Hub | C期 8座 高層 H室,元朗,The YOHO Hub,C期 8座 高層 H室,1880,"售 $1,880 萬元",,901,4房,子山午向,私人屋苑,,,VR,美聯物業代理有限公司,2小時前,https://www.28hse.com/buy/apartment/property-3899136,,,子山午向
大埔 天鑽 | 8座 低層 J室,大埔,天鑽,8座 低層 J室,468,售 $468 萬元,,373,1房,乾山巽向,私人屋苑,,,,中原地產代理有限公司,2小時前,https://www.28hse.com/buy/apartment/property-3899111,,,乾山巽向
田邦置業[荃威分行]罕有特色連平台 實用率高 市場罕有,荃灣,荃威花園,K座 低層 3室,368,售 $368 萬元,,480,2房,卯山酉向,私人屋苑,基本裝修,山景,優質校網|連平台,田邦置業代理有限公司,2小時前,https://www.28hse.com/buy/apartment/property-3899107,1978,未知,卯山酉向
田邦置業[荃威分行]兩房間格 向南園景 靚裝修 即買即住 環境清幽 實用率高,荃灣,荃威花園,K座 低層 5室,428,售 $428 萬元,,533,2房,卯山酉向,私人屋苑,雅緻裝修,園景|開揚景,,田邦置業代理有限公司,2小時前,https://www.28hse.com/buy/apartment/property-3899098,1978,未知,卯山酉向
$1050萬精選3房套連工人房 實盤約睇,馬鞍山,天宇海,屋苑 6B座 高層 B室,1080,"售 $1,080 萬元",,752,3房,子山午向,私人屋苑,,,,中原地產代理有限公司,2小時前,https://www.28hse.com/buy/apartment/property-3899091,2011,,子山午向
有票可試630482尺精裝邊到搵,元朗,Yoho Midtown,M1座 低層 F室,660,售 $660 萬元,,482,2房,午山子向,私人屋苑,雅緻裝修,園景|樓景,,利嘉閣,2小時前,https://www.28hse.com/buy/apartment/property-3899071,,,午山子向
田邦置業[荃威分行]✚優質鳳凰樓層✚業主割愛✚東南極開揚城市景✚靚裝修,荃灣,荃德花園,C座 高層,390,售 $390 萬元,,306,2房,乾山巽向,私人屋苑,雅緻裝修,開揚景|市景,,田邦置業代理有限公司,2小時前,https://www.28hse.com/buy/apartment/property-3899050,,,乾山巽向
[日訊物業好多盤] 靚裝必走三房 開揚光猛 約我地即睇,荃灣,海濱花園,海寧閣 (17座) 中層,600,售 $600 萬元,,559,3房,子山午向,私人屋苑,雅緻裝修,開揚景|樓景,有會所|近地鐵站|近大型商場,日訊物業代理有限公司,2小時前,https://www.28hse.com/buy/apartment/property-3899048,,,子山午向
美聯KC推介 獨家靚裝四房 海景優質戶,青衣,盈翠半島,2座 中層 C室,1480,"售 $1,480 萬元",,756,3房,乾山巽向,私人屋苑,雅緻裝修,開揚景|海景,,美聯物業,2小時前,https://www.28hse.com/buy/apartment/property-3899043,2000,,乾山巽向
低水必入!!!2房+開放式廚房，實用靚則,白石角,雲滙,第二期 9座 低層 A5室,650,售 $650 萬元,,482,2房,子山午向,私人屋苑,,園景,有會所|有露台|VR,中原地產代理限公司,2小時前,https://www.28hse.com/buy/apartment/property-3899025,,,子山午向
西九龍大型屋苑，大型會所，步行4分鍾到地鐵站,長沙灣,Belgravia Place,1期 1A座 中層 19室,530,售 $530 萬元,,269,1房,子山午向,私人屋苑,,,,利嘉閣地產有限公司,3小時前,https://www.28hse.com/buy/apartment/property-3899016,,,子山午向
※保證真盤！九運地區~丁財兩旺※,馬鞍山,迎海,第二期(‧星灣) 第19座 高層 A室,2275,"售 $2,275 萬元",,1379,4房,子山午向,私人屋苑,,海景,,世紀21奇豐新港城,3小時前,https://www.28hse.com/buy/apartment/property-3899004,2013,,子山午向
【東涌物業Walter】東涌最強2房_未睇過必須睇_包有驚喜,東涌,昇薈,8座 低層,748,售 $748 萬元,,669,2房,子山午向,私人屋苑,雅緻裝修,,有會所|有露台,東涌物業有限公司,3小時前,https://www.28hse.com/buy/apartment/property-3726181,2016,,子山午向
青衣 青怡花園 | 1座 中層 A室,青衣,青怡花園,1座 中層 A室,500,售 $500 萬元,,343,2房,子山午向,私人屋苑,基本裝修,開揚景|樓景,,利嘉閣地產有限公司,3小時前,https://www.28hse.com/buy/apartment/property-3898995,1986,,子山午向
【高層820萬筍盤】【巨房巨廳】【有票盡傾】,荔枝角,碧海藍天,5座 高層,838,售 $838 萬元,,510,2房,午山子向,私人屋苑,,,,美聯物業代理有限公司,3小時前,https://www.28hse.com/buy/apartment/property-3898985,,,午山子向
（實盤推介）最筍3房！高層海景！,荃灣,海灣花園,2座 高層 E室,748,售 $748 萬元,,576,3房,卯山酉向,私人屋苑,雅緻裝修,開揚景|海景,,美聯物業,3小時前,https://www.28hse.com/buy/apartment/property-3898981,1990,七運,卯山酉向
宋皇臺地鐵站大型屋苑，入埸兩房梗廚，歡迎查詢,土瓜灣,傲雲峰,第一座 高層 H室,875,售 $875 萬元,,479,2房,卯山酉向,私人屋苑,,山景,,利嘉閣地產,3小時前,https://www.28hse.com/buy/apartment/property-3898967,,,卯山酉向
《香港置業》海景露台三房套 升級之選 Jimmy,馬灣,珀麗灣,第3期 22座 中層 A室,810,售 $810 萬元,,709,3房,卯山酉向,私人屋苑,,開揚景|海景,,香港置業,3小時前,https://www.28hse.com/buy/apartment/property-3898964,,,卯山酉向
呎價激平!!!3房套+工人套房，內園寧靜,白石角,逸瓏灣,I 20座 低層 C室,1140,"售 $1,140 萬元",,907,3房,乾山巽向,私人屋苑,,園景,有會所|有露台|VR,中原地產代理有限公司,3小時前,https://www.28hse.com/buy/apartment/property-3898959,2015,,乾山巽向
《開揚景觀，實用兩房，廳大房大，光猛對流》,荔枝角,碧海藍天,5座 高層 D室,838,售 $838 萬元,,510,2房,午山子向,私人屋苑,基本裝修,市景,有會所|近地鐵站|近大型商場|優質校網,中原地產-碧海藍天分行,3小時前,https://www.28hse.com/buy/apartment/property-3898945,,,午山子向
【獨家盤】東堤灣畔大兩房｜人冇我有．直到業主,東涌,東堤灣畔,5座 低層,710,售 $710 萬元,,607,2房,乾山巽向,私人屋苑,,,獨家盤,美聯物業,3小時前,https://www.28hse.com/buy/apartment/property-3898943,1999,,乾山巽向
啟德 柏蔚森 | III 第1座 高層 D室,啟德,柏蔚森,III 第1座 高層 D室,598,售 $598 萬元,,263,1房,子山午向,私人屋苑,雅緻裝修,海景,,利嘉閣地產,3小時前,https://www.28hse.com/buy/apartment/property-3898937,,,子山午向
激筍正南煙花海景推介 還價即成 把握機會,奧運,一號銀海,5座 高層 A室,2788,"售 $2,788 萬元",,968,3房,子山午向,私人屋苑,,海景,,美聯物業代理有限公司,3小時前,https://www.28hse.com/buy/apartment/property-3898911,2006,八運,子山午向
荔枝角地鐵上蓋上新鸿基发展商荀盘昇悅居大两房則王介绍，即call况小姐Jenny,荔枝角,昇悅居,7座 低層 F室,868,售 $868 萬元,,517,2房,子山午向,私人屋苑,,,,美聯物業,3小時前,https://www.28hse.com/buy/apartment/property-3898895,2003,七運,子山午向
馬鞍山 銀湖天峰 | 6座 高層 F室,馬鞍山,銀湖天峰,6座 高層 F室,1060,"售 $1,060 萬元",,615,2房,子山午向,私人屋苑,,山景|園景,有會所|近地鐵站|近大型商場|有露台,利嘉閣地產有限公司,3小時前,https://www.28hse.com/buy/apartment/property-3898888,2009,,子山午向
罕有大平台放賣 滄海遺珠 只此一間,九龍站,擎天半島,2座 低層,2800,"售 $2,800 萬元",,1126,3房,午山子向,私人屋苑,,開揚景|市景|海景,,領高地產代理有限公司,4小時前,https://www.28hse.com/buy/apartment/property-3848398,2003,,午山子向
青衣 灝景灣 | 2座 低層 B室,青衣,灝景灣,2座 低層 B室,800,售 $800 萬元,,519,2房,丑山未向,私人屋苑,基本裝修,園景|泳池景,,利嘉閣地產有限公司,4小時前,https://www.28hse.com/buy/apartment/property-3898875,1998,七運,丑山未向
[真實盤源 有樓睇］2房鄰近屯門西鐵站,屯門,大興花園,第一期 3座 中層 A室,364,售 $364 萬元 +,,428,2房,卯山酉向,私人屋苑,豪華裝修,開揚景,獨家盤,中原地產,4小時前,https://www.28hse.com/buy/apartment/property-3898861,1992,,卯山酉向
業主套現換樓，低於銀行估價出售，快者得,天水圍,嘉湖山莊,第5期(麗湖居) 10座 中層 B室,498,售 $498 萬元,,630,3房,乾山巽向,私人屋苑,,,,中原地產代理有限公司,4小時前,https://www.28hse.com/buy/apartment/property-3898852,1992,七運,乾山巽向
東南全海景三房！區內樓皇！自住必睇！,荃灣,麗城花園,第三期 7座 中層 E室,880,售 $880 萬元,,728,3房,午山子向,私人屋苑,基本裝修,山景|開揚景|海景,,利嘉閣地產有限公司,4小時前,https://www.28hse.com/buy/apartment/property-3898845,1988,七運,午山子向
碧海蓝天直通南昌站，高层西南即睇楼，即call 况小姐Jenny,荔枝角,碧海藍天,6座 高層 F室,890,售 $890 萬元,,499,2房,子山午向,私人屋苑,,,,美聯物業,4小時前,https://www.28hse.com/buy/apartment/property-3898841,,,子山午向
兆康站居屋皇 企理裝修 即買即住,屯門,兆康苑,兆偉閣(BLOCK E) 低層 5室,296,售 $296 萬元,,476,2房,卯山酉向,居屋,,,,中原地產代理有限公司,4小時前,https://www.28hse.com/buy/apartment/property-3898838,,,卯山酉向
"極高層優質, 前後對流, 遠望海景, 極筍!!!",火炭,碧霞花園,萊茵閣 (4座) 高層 A室,1298,"售 $1,298 萬元",,1296,3房,午山子向,私人屋苑,,開揚景,,利嘉閣地產有限公司,4小時前,https://www.28hse.com/buy/apartment/property-3898826,,,午山子向
沙田 沙田第一城 | 5期 52座 中層 E室,沙田,沙田第一城,5期 52座 中層 E室,490,售 $490 萬元,,284,2房,乾山巽向,私人屋苑,,,,中原地產,4小時前,https://www.28hse.com/buy/apartment/property-3898807,1983,未知,乾山巽向
筲箕灣 愛蝶灣 | 10座 高層,筲箕灣,愛蝶灣,10座 高層,600,售 $600 萬元,,484,2房,子山午向,居屋,,,,宏智物業,4小時前,https://www.28hse.com/buy/apartment/property-3898791,2001,,子山午向
"未補地價 2 房 , 1 浴室 向南 居屋",筲箕灣,愛蝶灣,5座 高層,580,售 $580 萬元,,484,2房,子山午向,居屋,,,,宏智物業,4小時前,https://www.28hse.com/buy/apartment/property-3898785,2001,,子山午向
【880萬盡試】最筍三房【可即睇樓】,荔枝角,碧海藍天,6座 低層 A室,935,售 $935 萬元,,577,3房,午山子向,私人屋苑,,,,美聯物業代理有限公司,5小時前,https://www.28hse.com/buy/apartment/property-3898738,,,午山子向
《匙盤》 市場筍盤！啱價即賣…. 馬上約睇,美孚,曼克頓山,6座 中層 C室,1100,"售 $1,100 萬元",,558,2房,午山子向,私人屋苑,基本裝修,山景|開揚景|樓景|市景,,中原地產代理有限公司,5小時前,https://www.28hse.com/buy/apartment/property-3898728,,,午山子向
屯門 瓏門 | 第二期 第7座 中層 A室,屯門,瓏門,第二期 第7座 中層 A室,760,售 $760 萬元,,510,2房,卯山酉向,私人屋苑,雅緻裝修,開揚景,,美聯物業,5小時前,https://www.28hse.com/buy/apartment/property-3898725,2013,八運,卯山酉向
環宇海灣 8座中層2房 上車精選,荃灣,環宇海灣,第8座 中層 D室,688,售 $688 萬元,,482,2房,子山午向,私人屋苑,,,,美聯物業,5小時前,https://www.28hse.com/buy/apartment/property-3898719,,,子山午向
《急讓》 筍爆!!！…. 快走！有票有驚喜,荔枝角,碧海藍天,3座 中層 A室,950,售 $950 萬元,,588,3房,午山子向,私人屋苑,基本裝修,園景|開揚景|樓景|市景,,中原地產代理有限公司,5小時前,https://www.28hse.com/buy/apartment/property-3898713,,,午山子向
【$980萬再傾！正南+大型屋苑●市場喝求！有票再有驚喜】,荔枝角,宇晴軒,7座 中層 A室,999,售 $999 萬元,,554,3房,子山午向,私人屋苑,豪華裝修,開揚景|海景,有會所|近地鐵站|有露台,美聯物業代理有限公司,5小時前,https://www.28hse.com/buy/apartment/property-3898710,2004,,子山午向
Park Yoho 分行「 最熟業主 」650萬 特色平台單位 (另有其他荀盤),元朗,峻巒,1C(PARK YOHO SICILIA) 1A座 低層,655,售 $655 萬元,,464,2房,午山子向,私人屋苑,雅緻裝修,園景|開揚景,有會所|連平台,利嘉閣地產,5小時前,https://www.28hse.com/buy/apartment/property-3898701,,,午山子向
【$768萬再傾！靚靚泳池景！】【有票有驚喜】,荔枝角,泓景臺,7座 低層 G室,788,售 $788 萬元,,473,2房,子山午向,私人屋苑,雅緻裝修,園景,有會所|近地鐵站|近大型商場|優質校網,美聯物業代理有限公司,5小時前,https://www.28hse.com/buy/apartment/property-3898698,,,子山午向
《正南+大型屋苑》 急讓！套現….睇啱有驚喜,荔枝角,宇晴軒,7座 低層 A室,1060,"售 $1,060 萬元",,554,3房,子山午向,私人屋苑,基本裝修,園景|開揚景|樓景|市景,,中原地產代理有限公司,5小時前,https://www.28hse.com/buy/apartment/property-3898691,2004,,子山午向
激筍1房!! 448萬!! 睇岩即再減,深水埗,海峯,海峰 中層,498,售 $498 萬元,,306,1房,子山午向,私人屋苑,,,,美聯物業代理有限公司,5小時前,https://www.28hse.com/buy/apartment/property-3898686,,,子山午向
【808萬】【實用兩房】【球場靚景】,長沙灣,喜韻,1座 高層 C室,843,售 $843 萬元,,506,2房,子山午向,私人屋苑,,,,美聯物業代理有限公司,5小時前,https://www.28hse.com/buy/apartment/property-3898685,,,子山午向
【$1148萬再傾！靚靚泳池景！】【有票有驚喜】,荔枝角,泓景臺,3座 低層 G室,1148,"售 $1,148 萬元",,637,3房,子山午向,私人屋苑,豪華裝修,泳池景,有會所|近地鐵站|近大型商場|優質校網,美聯物業代理有限公司,5小時前,https://www.28hse.com/buy/apartment/property-3898683,,,子山午向
上水 御皇庭 | 第三座 中層 H室,上水,御皇庭,第三座 中層 H室,442,售 $442 萬元,,376,2房,卯山酉向,私人屋苑,,,,美聯物業代理有限公司,5小時前,https://www.28hse.com/buy/apartment/property-3898681,,,卯山酉向
沙田站 358呎兩房 東南 有匙即睇 收租17000起，襯業主未反價，快來睇,沙田,偉華中心,4座 中層 E室,530,售 $530 萬元,,358,2房,乾山巽向,私人屋苑,,,,中原地產代理有限公司,5小時前,https://www.28hse.com/buy/apartment/property-3898673,1985,七運,乾山巽向
[VR看房] 米埔海景 全城最平,天水圍,慧景軒,1座 中層 H室,840,售 $840 萬元,,842,3房,午山子向,私人屋苑,,,VR,美联物业,5小時前,https://www.28hse.com/buy/apartment/property-3898663,2004,,午山子向
《抵住3房》 套現！…. 馬上約睇！ 啱價即賣,荔枝角,泓景臺,3座 低層 G室,1150,"售 $1,150 萬元",,637,3房,子山午向,私人屋苑,雅緻裝修,園景|開揚景|樓景|泳池景,,中原地產代理有限公司,5小時前,https://www.28hse.com/buy/apartment/property-3898662,,,子山午向
《實盤》急讓！內園寧靜！要錢唔要貨….. 馬上約睇！有票可傾,荔枝角,泓景臺,6座 中層 G室,828,售 $828 萬元,,473,2房,子山午向,私人屋苑,,,,中原地產代理有限公司,5小時前,https://www.28hse.com/buy/apartment/property-3898652,,,子山午向
有票有驚喜 Call 66O22228 石生,深水埗,海峯,海峰 高層 E室,498,售 $498 萬元,412,,1房,乾山巽向,私人屋苑,,開揚景,近地鐵站|近大型商場,中原地產代理有限公司,5小時前,https://www.28hse.com/buy/apartment/property-3898635,,,乾山巽向
荔枝角 碧海藍天 | 3座 低層,荔枝角,碧海藍天,3座 低層,838,售 $838 萬元,,494,2房,子山午向,私人屋苑,,,,美聯物業代理有限公司,5小時前,https://www.28hse.com/buy/apartment/property-3898634,,,子山午向
"大膽還價,包有驚喜~可試$270 萬",粉嶺,One Innovale,Archway A座 低層,270,售 $270 萬元,,208,,乾山巽向,私人屋苑,,,,美聯物業,6小時前,https://www.28hse.com/buy/apartment/property-3898629,2021,八運,乾山巽向
《獨家》市場最平！急賣！快走….. 有匙可睇！,荔枝角,碧海藍天,6座 中層 F室,868,售 $868 萬元,,494,2房,子山午向,私人屋苑,基本裝修,園景|開揚景|樓景|市景,,中原地產代理有限公司,6小時前,https://www.28hse.com/buy/apartment/property-3898623,,,子山午向
JL居二最愛•高層勁開楊•有露台•把握機會,青衣,綠悠雅苑,第3座 中層 H室,638,售 $638 萬元,,535,2房,子山午向,居屋,,,,利嘉閣地產有限公司,6小時前,https://www.28hse.com/buy/apartment/property-3898607,,,子山午向
低密度半新屋苑，租買NO. ONE！,粉嶺,One Innovale,Cabanna E座 高層,280,售 $280 萬元,,186,開放式,乾山巽向,私人屋苑,雅緻裝修,泳池景,,利嘉閣地產有限公司,6小時前,https://www.28hse.com/buy/apartment/property-3898602,2021,八運,乾山巽向
真盤！謝絕假盤！罕有連大平台215呎 約睇,元朗,峻巒,1C(PARK YOHO SICILIA) 1A座 低層 B室,658,售 $658 萬元,,464,2房,午山子向,私人屋苑,基本裝修,開揚景,有會所|近地鐵站|近大型商場|連平台,中原地產代理限公司,6小時前,https://www.28hse.com/buy/apartment/property-3898599,,,午山子向
"業主急走,有票即收, 用心為你傾筍傾",粉嶺,欣盛苑,欣悅閣 (D座) 中層,375,售 $375 萬元,,554,2房,子山午向,居屋,,,,美聯物業,6小時前,https://www.28hse.com/buy/apartment/property-3898590,,,子山午向
"試800萬>靚裝割愛求售, 見票即簽,",荔枝角,宇晴軒,5座 中層 E室,860,售 $860 萬元,,462,2房,子山午向,私人屋苑,雅緻裝修,,,利嘉閣地產有限公司,6小時前,https://www.28hse.com/buy/apartment/property-3898588,2004,,子山午向
新放盤 沙田中心兩房 業主有心賣，有票盡傾 歡迎查詢約睇,沙田,沙田中心,佳寧 中層 B室,550,售 $550 萬元,,347,2房,午山子向,私人屋苑,,,,中原地產代理有限公司,6小時前,https://www.28hse.com/buy/apartment/property-3898577,,,午山子向
上水 翠麗花園 | 2座 地下 B室,上水,翠麗花園,2座 地下 B室,400,售 $400 萬元,,591,3房,乾山巽向,居屋,,,,美聯物業代理有限公司,6小時前,https://www.28hse.com/buy/apartment/property-3898551,,,乾山巽向
稀有3房則🦾還價即成🩵有匙引看🩵,粉嶺,欣盛苑,欣喜閣 (C座) 低層 6室,450,售 $450 萬元,,554,3房,午山子向,居屋,,,,利嘉閣地產有限公司,7小時前,https://www.28hse.com/buy/apartment/property-3898508,,,午山子向
荃灣 麗城花園 | 第二期 3座 高層 F室,荃灣,麗城花園,第二期 3座 高層 F室,655,售 $655 萬元,,572,3房,午山子向,私人屋苑,,,,利嘉閣地產有限公司,7小時前,https://www.28hse.com/buy/apartment/property-3898483,1988,七運,午山子向
《市場筍盤》 最後機會！有票有驚喜…. 快走！馬上聯絡….,大角咀,柏豐28,中層 B室,610,售 $610 萬元,,421,2房,午山子向,私人屋苑,基本裝修,開揚景|樓景|市景,,中原地產-泓景臺分行,7小時前,https://www.28hse.com/buy/apartment/property-3898481,,,午山子向
【880萬即走】海景兩房】【還價即成】,荔枝角,碧海藍天,5座 中層,880,售 $880 萬元,,497,2房,子山午向,私人屋苑,,,,美聯物業代理有限公司,7小時前,https://www.28hse.com/buy/apartment/property-3898478,,,子山午向
荃灣 麗城花園 | 第二期 1座 高層 H室,荃灣,麗城花園,第二期 1座 高層 H室,720,售 $720 萬元,,668,3房,午山子向,私人屋苑,,,,利嘉閣地產有限公司,7小時前,https://www.28hse.com/buy/apartment/property-3898477,1988,七運,午山子向
真盤實價- 爾巒 特色雙平台兩房,元朗,爾巒,茵羅洛斯大道 6B座 低層 C室,650,售 $650 萬元,,559,2房,卯山酉向,私人屋苑,豪華裝修,山景|開揚景|泳池景,有會所|有露台|連平台,利嘉閣地產有限公司,7小時前,https://www.28hse.com/buy/apartment/property-3898468,,,卯山酉向
—真盤源— 絕不浪費時間# 兩房梗廚# 明火煮食# 企理裝修# 上車首選# 約看,元朗,原築,2座 中層 B室,550,售 $550 萬元,,511,2房,子山午向,私人屋苑,雅緻裝修,開揚景,有會所|有露台,美聯物業,7小時前,https://www.28hse.com/buy/apartment/property-3898465,,,子山午向
映日灣一房真盤 ：罕有海景 4%回報,荃灣,映日灣,2座 低層 I室,598,售 $598 萬元,,280,1房,子山午向,私人屋苑,,,,利嘉閣地產有限公司,7小時前,https://www.28hse.com/buy/apartment/property-3898461,2020,,子山午向
元朗 柏瓏 | I 2座 中層 B3室,元朗,柏瓏,I 2座 中層 B3室,800,售 $800 萬元,,463,2房,子山午向,私人屋苑,雅緻裝修,開揚景,,利嘉閣地產有限公司,7小時前,https://www.28hse.com/buy/apartment/property-3898450,,,子山午向
荃灣 愉景新城 | 3座 低層 A室,荃灣,愉景新城,3座 低層 A室,918,售 $918 萬元,,682,3房,午山子向,私人屋苑,,,,利嘉閣地產有限公司,7小時前,https://www.28hse.com/buy/apartment/property-3898448,1997,七運,午山子向
*東涌物業Jason*優質正南內園兩房！,東涌,東環,1期 3A座 低層,550,售 $550 萬元,,462,2房,子山午向,私人屋苑,,園景|樓景,,東涌物業有限公司,7小時前,https://www.28hse.com/buy/apartment/property-2681359,2017,,子山午向
真盤實價約睇，商場上蓋$828萬開揚三房套廁,元朗,峻巒,1B(PARK YOHO VENEZIA) 6A座 低層 D室,848,售 $848 萬元,,724,3房,午山子向,私人屋苑,雅緻裝修,開揚景,,利嘉閣地產有限公司,7小時前,https://www.28hse.com/buy/apartment/property-3898442,,,午山子向
市場罕有 海景優質 1萬8一呎 2房 實客可約,荔枝角,碧海藍天,3座 中層 G室,920,售 $920 萬元,,494,2房,子山午向,私人屋苑,雅緻裝修,海景,,利嘉閣地產有限公司,8小時前,https://www.28hse.com/buy/apartment/property-3898437,,,子山午向
"【真盤源】入場平價,回報高,升值快,可約睇",屯門,Novo Land,1A期 Elverum 1座 高層,308,售 $308 萬元 +,,235,開放式,乾山巽向,私人屋苑,,,,利嘉閣地產有限公司,8小時前,https://www.28hse.com/buy/apartment/property-3898430,,,乾山巽向
(晉誠地產筍盤推介) 西南青馬橋海景！《向山價錢買向海》 未係底價！歡迎查詢！,深井(荃灣),浪翠園,3座 低層 B室,450,售 $450 萬元,,454,2房,子山午向,私人屋苑,,海景|泳池景,有會所,晉誠地產代理有限公司,8小時前,https://www.28hse.com/buy/apartment/property-3898411,,,子山午向
（晉誠地產YouTube有片 ) 罕有汀九向海洋房！連3車位！大花園！有匙即看！,深井(荃灣),觀海別墅,獨立屋 全幢,2488,"售 $2,488 萬元",,1931,4房,子山午向,獨立屋,,海景,連天台|室內車位,晉誠地產代理有限公司,9小時前,https://www.28hse.com/buy/apartment/property-3898400,,,子山午向
真盤源 即走市中心有裝修筍盤!!,屯門,屯門市廣場,2座 高層,390,售 $390 萬元,,326,2房,卯山酉向,私人屋苑,雅緻裝修,開揚景,,美聯物業,17小時前,https://www.28hse.com/buy/apartment/property-3898364,1987,七運,卯山酉向
上水 皇府山 | 8座 低層 A室,上水,皇府山,8座 低層 A室,813,售 $813 萬元,,791,3房,乾山巽向,私人屋苑,雅緻裝修,園景|開揚景,,美聯物業,18小時前,https://www.28hse.com/buy/apartment/property-3898346,,,乾山巽向
美聯KC推介 企理裝兩用筍盤 自住放租皆宜 有匙引看,青衣,海悅花園,3座 低層 F室,480,售 $480 萬元,,431,2房,子山午向,居屋,,,,美聯物業,18小時前,https://www.28hse.com/buy/apartment/property-3898342,1991,,子山午向
上水 皇府山 | 6座 中層 C室,上水,皇府山,6座 中層 C室,898,售 $898 萬元,,731,3房,子山午向,私人屋苑,雅緻裝修,,VR,中原地產代理有限公司,18小時前,https://www.28hse.com/buy/apartment/property-3898336,,,子山午向
【100%實盤。瓏門。2房 真盤源】 罕有高層開揚景觀｜業主割愛,屯門,瓏門,第一期 第5座 高層 C室,715,售 $715 萬元,,488,2房,卯山酉向,私人屋苑,,,,美聯物業代理有限公司,19小時前,https://www.28hse.com/buy/apartment/property-3898309,2013,八運,卯山酉向
100%真盤 新鴻基兩房 大型會所花園,元朗,峻巒,2A(PARK YOHO Genova) 12座 低層 D室,688,售 $688 萬元,,583,2房,卯山酉向,私人屋苑,,,,利嘉阁,19小時前,https://www.28hse.com/buy/apartment/property-3898308,,,卯山酉向
1 浴室 向西南 私人屋苑 望園景 望泳池景 雅緻裝修,荃灣,立坊,低層 08室,638,售 $638 萬元,,429,,子山午向,私人屋苑,雅緻裝修,園景|泳池景,,美聯物業,19小時前,https://www.28hse.com/buy/apartment/property-3898288,,,子山午向
荃灣 柏傲灣 | 2座2B 低層 C室,荃灣,柏傲灣,2座2B 低層 C室,900,售 $900 萬元,,499,2房,午山子向,私人屋苑,雅緻裝修,開揚景|市景,,美聯物業,20小時前,https://www.28hse.com/buy/apartment/property-3898281,2019,,午山子向
青衣 盈翠半島 | 2座 中層 C室,青衣,盈翠半島,2座 中層 C室,1480,"售 $1,480 萬元",,756,4房,乾山巽向,私人屋苑,雅緻裝修,海景,獨家盤,美聯物業,20小時前,https://www.28hse.com/buy/apartment/property-3898280,2000,,乾山巽向
元朗 The YOHO Hub | C期 8座 中層 B室,元朗,The YOHO Hub,C期 8座 中層 B室,830,售 $830 萬元,,436,2房,卯山酉向,私人屋苑,,,,美聯物業,20小時前,https://www.28hse.com/buy/apartment/property-3898278,,,卯山酉向
即時實盤＊大兩盤有裝修＊有匙引看 最後機會,青衣,海欣花園,3座 高層 H室,678,售 $678 萬元,,507,2房,子山午向,私人屋苑,雅緻裝修,,,美聯物業代理有限公司,20小時前,https://www.28hse.com/buy/apartment/property-3898270,2000,,子山午向
【高層開揚 硬廚兩房】【筍盤推介】,荃灣,海之戀,‧愛炫美 5C座 高層 C室,1028,"售 $1,028 萬元",,531,2房,卯山酉向,私人屋苑,,開揚景,,美聯物業,20小時前,https://www.28hse.com/buy/apartment/property-3898269,2018,,卯山酉向
超筍盤 2房 570萬 歡迎約睇,元朗,爾巒,菲利提諾大道 7座 低層 C室,572,售 $572 萬元,,466,2房,午山子向,私人屋苑,,園景|樓景,,利嘉閣,20小時前,https://www.28hse.com/buy/apartment/property-3898268,,,午山子向
真實盤源收票即成$780萬即住即收租,元朗,柏瓏,II 9座 低層 B2室,798,售 $798 萬元,,455,2房,午山子向,私人屋苑,,,,利嘉閣地產有限公司,20小時前,https://www.28hse.com/buy/apartment/property-3898264,,,午山子向
駿景園搵到豪裝，仲係樓王向東南馬場！快來查詢,火炭,駿景園,8座 高層 F室,1390,"售 $1,390 萬元",,974,3房,乾山巽向,私人屋苑,豪華裝修,山景|開揚景|河景,,美聯物業,20小時前,https://www.28hse.com/buy/apartment/property-3898252,1996,七運,乾山巽向
《中原最齊盤》●●最荀兩房【靚裝即住】梗廚明廁｜還價即成,荃灣,環宇海灣,第8座 中層 D室,700,售 $700 萬元,,482,2房,午山子向,私人屋苑,,,,中原地產,20小時前,https://www.28hse.com/buy/apartment/property-3898251,,,午山子向
天水圍 天頌苑 | O座 ( 頌棋閣 ) 中層 3室,天水圍,天頌苑,O座 ( 頌棋閣 ) 中層 3室,488,售 $488 萬元,,596,3房,子山午向,居屋,,,,中原地產,21小時前,https://www.28hse.com/buy/apartment/property-3898227,1999,七運,子山午向
**抵**最平2房**新鴻基樓盤,天水圍,Wetland Seasons Park,第2期 18座 中層,498,售 $498 萬元,,414,2房,子山午向,私人屋苑,雅緻裝修,園景,VR,中原地產,21小時前,https://www.28hse.com/buy/apartment/property-3898225,,,子山午向
美聯推介～1座單邊樓皇～市鎮公園景～優質兩房,青衣,青怡花園,1座 低層 E室,490,售 $490 萬元,,343,2房,乾山巽向,私人屋苑,雅緻裝修,市景,有會所|近地鐵站|近大型商場|優質校網,美聯物業,21小時前,https://www.28hse.com/buy/apartment/property-3898223,1986,,乾山巽向
天水圍 嘉湖山莊 | 第7期(景湖居) 9座 低層 C室,天水圍,嘉湖山莊,第7期(景湖居) 9座 低層 C室,500,售 $500 萬元,,546,3房,乾山巽向,私人屋苑,,,,中原地產,21小時前,https://www.28hse.com/buy/apartment/property-3898222,1992,七運,乾山巽向
最筍，開揚2房，開廚，光廁，實盤約睇,白石角,嘉熙,3座 高層,670,售 $670 萬元,,455,2房,午山子向,私人屋苑,雅緻裝修,開揚景,有會所|優質校網|有露台,美聯物業代理有限公司,21小時前,https://www.28hse.com/buy/apartment/property-3898220,,,午山子向
【罕有放售】3房+儲物室│極高層開揚景觀 │誠意放售│歡迎即時約睇,青衣,灝景灣,1座 高層,1320,"售 $1,320 萬元",,826,3房,丑山未向,私人屋苑,,,,利嘉閣地產有限公司,21小時前,https://www.28hse.com/buy/apartment/property-3898208,1998,七運,丑山未向
東鐵沿線站頂半新樓 實盤約睇 還價即成,火炭,星凱堤岸,5座 低層,958,售 $958 萬元,,492,2房,子山午向,私人屋苑,豪華裝修,山景|開揚景|市景,有會所|有露台,美聯物業,21小時前,https://www.28hse.com/buy/apartment/property-3898201,,,子山午向
【絕對真盤】全場最低價│翠綠山景│方正實用│歡迎即時約睇,青衣,曉峰園,2座 低層,620,售 $620 萬元,,546,2房,午山子向,私人屋苑,,,,利嘉閣地產有限公司,21小時前,https://www.28hse.com/buy/apartment/property-3898183,1995,,午山子向
真盤源 還價即成 企理三房 歡迎約睇,沙田,沙田第一城,1期 9座 中層 A室,638,售 $638 萬元,,451,3房,乾山巽向,私人屋苑,,,,利嘉閣地產有限公司,22小時前,https://www.28hse.com/buy/apartment/property-3898179,1983,未知,乾山巽向
粉嶺 欣翠花園 | 3座 低層 D室,粉嶺,欣翠花園,3座 低層 D室,650,售 $650 萬元,,657,3房,午山子向,私人屋苑,雅緻裝修,園景|開揚景,,美聯物業,22小時前,https://www.28hse.com/buy/apartment/property-3898173,,,午山子向
海逸業主終極目標 極罕有25座敞門假露台特色單位 全海景 靚裝3房套 可以交吉,紅磡,海逸豪園,翠堤灣 25座 低層,2380,"售 $2,380 萬元",,1100,4房,子山午向,私人屋苑,雅緻裝修,海景,有會所,太陽物業,22小時前,https://www.28hse.com/buy/apartment/property-3898172,1998,,子山午向
【直達奧運站】罕有2房蝕讓，可約睇！,奧運,海桃灣,3座 低層 B室,990,售 $990 萬元,,503,2房,子山午向,私人屋苑,,,有會所|近地鐵站|近大型商場|有露台,美聯物業,22小時前,https://www.28hse.com/buy/apartment/property-3898170,2005,八運,子山午向
屯門(青山公路) 愛琴海岸 | 2 座 低層 B室,屯門(青山公路),愛琴海岸,2 座 低層 B室,870,售 $870 萬元,,811,4房,子山午向,私人屋苑,,海景,室內車位,中原地產代理有限公司,22小時前,https://www.28hse.com/buy/apartment/property-3898153,,,子山午向
屯門(青山公路) 星堤 | 第11座 低層 A室,屯門(青山公路),星堤,第11座 低層 A室,1150,"售 $1,150 萬元",,1142,,乾山巽向,私人屋苑,,園景,室內車位,中原地產代理有限公司,22小時前,https://www.28hse.com/buy/apartment/property-3898149,,,乾山巽向
可租79000包車位。 四房雙套。鄰近何文田地鐵站。三站可到高鐵站,何文田,何文田山畔,2座 高層 A室,3880,"售 $3,880 萬元",,1313,4房,乾山巽向,私人屋苑,,開揚景|市景,室內車位,香港置業,22小時前,https://www.28hse.com/buy/apartment/property-3898140,2016,,乾山巽向
深水埗 九洲大廈 | 低層 D室,深水埗,九洲大廈,低層 D室,318,售 $318 萬元,,254,2房,子山午向,私人屋苑,雅緻裝修,,VR,利嘉閣地產有限公司,22小時前,https://www.28hse.com/buy/apartment/property-3898135,,,子山午向
🩵三月🩵【全場最筍！實用間隔！有票即收！太子站地標！】,太子,別樹華軒,中層,445,售 $445 萬元,,242,1房,乾山巽向,私人屋苑,雅緻裝修,開揚景|樓景|市景,,三月地產,23小時前,https://www.28hse.com/buy/apartment/property-3898123,2003,,乾山巽向
呎價 13xxx 最抵住新鴻基樓 估價697萬,青衣,海欣花園,3座 高層 H室,680,售 $680 萬元,,507,2房,子山午向,私人屋苑,雅緻裝修,園景|市景,,利嘉閣地產有限公司,23小時前,https://www.28hse.com/buy/apartment/property-3898122,2000,,子山午向
屋苑式 | 樓齡新 筍盤勁推*地下單位連泊2車(有充電樁),屋苑式,,樓齡新 筍盤勁推*地下單位連泊2車(有充電樁),648,售 $648 萬元,700,,2房,乾山巽向,村屋,雅緻裝修,開揚景,,永鴻地產代理公司,23小時前,https://www.28hse.com/buy/apartment/property-3898115,,,乾山巽向
罕有地鐵上蓋物業/專貴大戶型/山海環抱/值得豪客擁有...,馬鞍山,銀湖天峰,6座 中層 A室,2500,"售 $2,500 萬元",,1564,4房,子山午向,私人屋苑,豪華裝修,開揚景|海景,VR,中原地產代理有限公司,23小時前,https://www.28hse.com/buy/apartment/property-3898112,2009,,子山午向
670萬 超高層兩房 真盤實價 有匙 即睇 鐵路沿線 明火梗廚,元朗,世宙,第2座 高層 G室,680,售 $680 萬元,,429,2房,卯山酉向,私人屋苑,,,,利嘉閣,23小時前,https://www.28hse.com/buy/apartment/property-3898108,2016,八運,卯山酉向
拒絕假盤 有匙即睇 真心幫你傾價 三房套,元朗,峻巒,1B(PARK YOHO VENEZIA) 6A座 中層 D室,850,售 $850 萬元,,724,3房,午山子向,私人屋苑,,開揚景,,利嘉閣,23小時前,https://www.28hse.com/buy/apartment/property-3898106,,,午山子向
荔枝角 一號西九龍 | 第2座 中層,荔枝角,一號西九龍,第2座 中層,1500,"售 $1,500 萬元",,973,4房,子山午向,私人屋苑,,開揚景,,利嘉閣地產有限公司,23小時前,https://www.28hse.com/buy/apartment/property-3898086,,,子山午向
19/6*奧運收租王*業主割愛 歡迎查詢 另有其他筍盤推介,大角咀,利奧坊首隅,利奧坊．首隅 低層 D室,738,售 $738 萬元,,353,2房,子山午向,私人屋苑,豪華裝修,開揚景,,美聯物業,23小時前,https://www.28hse.com/buy/apartment/property-3898084,,,子山午向
19/6 *最後機會 罕有匙盤*交通便利 收租自住一流 歡迎約睇,旺角,One Soho,中層 A5室,750,售 $750 萬元,,374,2房,午山子向,私人屋苑,豪華裝修,開揚景,,美聯物業,23小時前,https://www.28hse.com/buy/apartment/property-3898075,,,午山子向
"【馬仕程推介】正南海景兩房, 業主FIRM賣, 可約睇",康城,LP6,5座 中層 C室,700,售 $700 萬元,,422,2房,子山午向,私人屋苑,,,,美聯物業代理有限公司,23小時前,https://www.28hse.com/buy/apartment/property-3898074,2020,,子山午向
[真盤員]可以睇樓♡新鴻基♡還有其他一房兩房三房♡,元朗,峻巒,2C(PARK YOHO Milano) 32A座 中層 E室,338,售 $338 萬元,,254,開放式,子山午向,私人屋苑,基本裝修,園景|開揚景|樓景,,美聯物業代理有限公司,23小時前,https://www.28hse.com/buy/apartment/property-3898072,,,子山午向
已改兩房，已補地价，呎价@7000餘元,上水,翠麗花園,6座 中層 C室,438,售 $438 萬元,,591,2房,子山午向,居屋,,,,中原地產代理有限公司,23小時前,https://www.28hse.com/buy/apartment/property-3898060,,,子山午向
上水 彩蒲苑 | 彩顏閣 (D座) 中層,上水,彩蒲苑,彩顏閣 (D座) 中層,308,售 $308 萬元,,351,1房,午山子向,居屋,,,,中原地產,23小時前,https://www.28hse.com/buy/apartment/property-3898057,,,午山子向
試️6XX！靚裝即住，大位易泊。,大埔,嘉豐花園,16座 高層 A室,738,售 $738 萬元,,636,2房,卯山酉向,私人屋苑,雅緻裝修,園景,VR|獨家盤,中原地產代理有限公司,23小時前,https://www.28hse.com/buy/apartment/property-3898054,,,卯山酉向
上水 彩蒲苑 | 彩瑩閣 (A座) 低層 14室,上水,彩蒲苑,彩瑩閣 (A座) 低層 14室,375,售 $375 萬元,,394,2房,乾山巽向,居屋,,,VR,中原地產代理有限公司,23小時前,https://www.28hse.com/buy/apartment/property-3898052,,,乾山巽向
東涌 映灣園 | 3期悅濤軒 9座 高層 B室,東涌,映灣園,3期悅濤軒 9座 高層 B室,820,售 $820 萬元,,749,3房,午山子向,私人屋苑,,開揚景|海景,,美聯物業代理有限公司,23小時前,https://www.28hse.com/buy/apartment/property-3898051,2002,,午山子向
屯門 瓏門 | 第二期 第7座 低層,屯門,瓏門,第二期 第7座 低層,648,售 $648 萬元,,485,2房,卯山酉向,私人屋苑,,開揚景,有會所|近地鐵站|近大型商場|優質校網|有露台,中原地產代理有限公司,23小時前,https://www.28hse.com/buy/apartment/property-3898037,2013,八運,卯山酉向
"**HH**獨家代理, 可試460萬, 相熟業主,淨潔企理，可以約看",沙田,沙田第一城,5期 46座 高層 E室,480,售 $480 萬元,,284,1房,乾山巽向,私人屋苑,,,,利嘉閣地產有限公司,23小時前,https://www.28hse.com/buy/apartment/property-3898033,1983,未知,乾山巽向
平過估價 站頂筍盤最後機會 罕有東南3房放盤！！,大圍,溱岸8號,5座 低層,1360,"售 $1,360 萬元",,729,3房,乾山巽向,私人屋苑,豪華裝修,山景|園景|開揚景|泳池景,有會所|有露台,美聯物業,24小時前,https://www.28hse.com/buy/apartment/property-3898016,2015,,乾山巽向
上水 龍豐花園 | B座 中層 B3室,上水,龍豐花園,B座 中層 B3室,420,售 $420 萬元,,499,2房,午山子向,私人屋苑,,,,中原地產,24小時前,https://www.28hse.com/buy/apartment/property-3898002,,,午山子向
正南海景，特高樓底，市場罕有，有匙即睇,大角咀,利奧坊曉岸,1座 高層 B室,558,售 $558 萬元,,259,1房,子山午向,私人屋苑,,海景,,名城 (九龍) 地產,24小時前,https://www.28hse.com/buy/apartment/property-3897987,,,子山午向
美聯黃小姐推介＊高層向南海景＊＊3房套 優質單位 平價賣 有匙即睇,青衣,盈翠半島,12座 中層 D室,1250,"售 $1,250 萬元",,653,3房,乾山巽向,私人屋苑,,開揚景|海景,,美聯物業代理有限公司,24小時前,https://www.28hse.com/buy/apartment/property-3897985,2000,,乾山巽向
天水圍 嘉湖山莊 | 第7期(景湖居) 7座 低層,天水圍,嘉湖山莊,第7期(景湖居) 7座 低層,498,售 $498 萬元,,550,3房,乾山巽向,私人屋苑,豪華裝修,,,美聯物業,1日前,https://www.28hse.com/buy/apartment/property-3897977,1992,七運,乾山巽向
"筍盤！2房雅緻裝修, 觀景開揚，連接大型購物商場, 靜中帶旺，生活配套齊全!",寶琳,新都城,1期 第一期 1座 中層,615,售 $615 萬元,,364,2房,午山子向,私人屋苑,,園景,,利嘉閣地產有限公司,1日前,https://www.28hse.com/buy/apartment/property-3897968,1996,七運,午山子向
大角咀 i-home | I-HOME 中層 C室,大角咀,i-home,I-HOME 中層 C室,590,售 $590 萬元,,380,1房,子山午向,私人屋苑,,開揚景,,美聯物業代理有限公司,1日前,https://www.28hse.com/buy/apartment/property-3897958,,,子山午向
天水圍 Wetland Seasons Park | 第2期 18座 中層 A5室,天水圍,Wetland Seasons Park,第2期 18座 中層 A5室,498,售 $498 萬元,,414,2房,子山午向,私人屋苑,,園景,,中原地產代理有限公司,1日前,https://www.28hse.com/buy/apartment/property-3897956,,,子山午向
九龍站上蓋，外望內園景，實用3房1套，有匙,九龍站,漾日居,1座 高層,3100,"售 $3,100 萬元",,1076,3房,卯山酉向,私人屋苑,,園景,,迎富地產代理有限公司,1日前,https://www.28hse.com/buy/apartment/property-3897948,,,卯山酉向
※靚裝修即住～～屯馬線上蓋物業※,馬鞍山,新港城,4期 E座 低層 4室,880,售 $880 萬元,,618,3房,午山子向,私人屋苑,豪華裝修,,,世紀21奇豐新港城,1日前,https://www.28hse.com/buy/apartment/property-3897947,1993,,午山子向
嘉湖兩房，本周精選！樓層好，景觀優，價錢筍。,天水圍,嘉湖山莊,第7期(景湖居) 1座 中層 E室,408,售 $408 萬元 +,,446,2房,乾山巽向,私人屋苑,豪華裝修,山景|園景,獨家盤,美聯物業,1日前,https://www.28hse.com/buy/apartment/property-3897942,1992,七運,乾山巽向
小妹推介>超筍大兩房！向南光猛，實盤約睇，業主FIRM賣，有票再有驚喜,長沙灣,The Campton 1B期,The Campton第1B期 低層 H室,800,售 $800 萬元,,515,2房,子山午向,私人屋苑,豪華裝修,,,美聯物業代理有限公司,1日前,https://www.28hse.com/buy/apartment/property-3897938,,,子山午向
大圍 柏傲莊 | II 5B座 低層 A室,大圍,柏傲莊,II 5B座 低層 A室,1558,"售 $1,558 萬元",,668,3房,子山午向,私人屋苑,,,,美聯物業代理有限公司,1日前,https://www.28hse.com/buy/apartment/property-3897916,2022,,子山午向
居高臨下，寬敞大廳，享維港煙花海景,九龍站,凱旋門,2A座 (映月閣) 高層,6500,"售 $6,500 萬元",,1017,3房,乾山巽向,私人屋苑,,海景,,迎富地產代理有限公司,1日前,https://www.28hse.com/buy/apartment/property-3897900,,,乾山巽向
步行鐵路站2分鐘 海景3房兩廁 有匙即睇 v:midland_kaye,馬鞍山,海柏花園,2座 高層 A室,890,售 $890 萬元,,560,3房,子山午向,私人屋苑,雅緻裝修,開揚景|海景,,美聯物業,1日前,https://www.28hse.com/buy/apartment/property-3897894,,,子山午向
【800萬盡試】業主急走【有票必有驚喜】,荔枝角,碧海藍天,5座 高層,838,售 $838 萬元,,510,2房,午山子向,私人屋苑,,,,美聯物業代理有限公司,1日前,https://www.28hse.com/buy/apartment/property-3897889,,,午山子向
【$880大膽試】【極高層兩房單位】【荀貨快走】【即約即睇有匙】,馬鞍山,銀湖天峰,5座 高層 E室,920,售 $920 萬元,,572,2房,子山午向,私人屋苑,,,,中原地產,1日前,https://www.28hse.com/buy/apartment/property-3897888,2009,,子山午向
調景嶺 都會駅 | 1期 1座 低層 D室,調景嶺,都會駅,1期 1座 低層 D室,930,售 $930 萬元,,638,3房,卯山酉向,私人屋苑,,,,中原地產,1日前,https://www.28hse.com/buy/apartment/property-3897881,2006,八運,卯山酉向
荔枝角 碧海藍天 | 6座 中層 F室,荔枝角,碧海藍天,6座 中層 F室,868,售 $868 萬元,,494,2房,子山午向,私人屋苑,,,,中原地產-泓景臺分行,1日前,https://www.28hse.com/buy/apartment/property-3897864,,,子山午向
100%真盤660萬 真明火 約睇 鐵路沿線兩房梗廚 即走盤,元朗,世宙,第2座 高層 G室,670,售 $670 萬元,,429,2房,卯山酉向,私人屋苑,豪華裝修,開揚景|樓景,獨家盤,美聯物業代理有限公司,1日前,https://www.28hse.com/buy/apartment/property-3897845,2016,八運,卯山酉向
【保證實盤】【企理裝修】【出線2房】手怏有,荃灣,環宇海灣,第8座 中層 D室,730,售 $730 萬元,,482,2房,卯山酉向,私人屋苑,雅緻裝修,,,美聯物業,1日前,https://www.28hse.com/buy/apartment/property-3897843,,,卯山酉向
獨家筍盤！近地鐵！山景！梗廚兩房！還價即成！置在必得！企理裝修！拎包入住！,東涌,藍天海岸,第1期 第2座 中層 F室,640,售 $640 萬元,,485,2房,子山午向,私人屋苑,基本裝修,山景|園景|開揚景,有會所|近大型商場,中原地產代理限公司,1日前,https://www.28hse.com/buy/apartment/property-3897827,,,子山午向
性價比最高 真盤可以睇 業主有誠意賣！！！即買即住即收租！,沙田,沙田第一城,5期 48座 高層 D室,478,售 $478 萬元,,304,1房,乾山巽向,私人屋苑,基本裝修,,獨家盤,美聯物業代理有限公司,1日前,https://www.28hse.com/buy/apartment/property-3897824,1983,未知,乾山巽向
鳳凰樓層！梗廚！罕有放盤，可約睇樓！睇岩可傾！,屯門,Novo Land,3A期 Dragor 第2座 高層 H室,660,售 $660 萬元,,498,2房,午山子向,私人屋苑,,,,中原地產代理限公司,1日前,https://www.28hse.com/buy/apartment/property-3897815,,,午山子向
"業主急走,有價即走,大膽還價 真盤源SING",東涌,藍天海岸,第1期 第5座 中層 H室,650,售 $650 萬元,,490,2房,乾山巽向,私人屋苑,,,,利嘉閣地產有限公司,1日前,https://www.28hse.com/buy/apartment/property-3897800,,,乾山巽向
[真盤員]可睇樓♡新鴻基♡特色平台天台♡四房雙套♡還有其他過千呎單位可以睇埋♡,元朗,峻巒,1B(PARK YOHO VENEZIA) 6B座 高層 B室,1700,"售 $1,700 萬元",,1309,4房,午山子向,私人屋苑,雅緻裝修,山景|園景|開揚景|河景,連天台,美聯物業代理有限公司,1日前,https://www.28hse.com/buy/apartment/property-3897785,,,午山子向
東涌 東堤灣畔 | 6座 中層 D室,東涌,東堤灣畔,6座 中層 D室,670,售 $670 萬元,,531,2房,子山午向,私人屋苑,,,,美聯物業代理有限公司,1日前,https://www.28hse.com/buy/apartment/property-3897781,1999,,子山午向
"廳大房大,近地鐵站,樓下有商場非常方便",何文田,半山壹號,第二期(富甲半山) 半山徑20號 低層 20室,2100,"售 $2,100 萬元",,1137,3房,子山午向,私人屋苑,,,,中原地產,1日前,https://www.28hse.com/buy/apartment/property-3897773,,,子山午向
東涌 東堤灣畔 | 9座 低層 C室,東涌,東堤灣畔,9座 低層 C室,625,售 $625 萬元,,592,2房,乾山巽向,私人屋苑,,,,美聯物業代理有限公司,1日前,https://www.28hse.com/buy/apartment/property-3897762,1999,,乾山巽向
啟德 Oasis Kai Tak | 1座 高層 F室,啟德,Oasis Kai Tak,1座 高層 F室,1880,"售 $1,880 萬元",,752,3房,乾山巽向,私人屋苑,,,,美聯物業,1日前,https://www.28hse.com/buy/apartment/property-3897759,,,乾山巽向
500萬內選擇買少見少!投資自用兩佳宜,沙田,沙田中心,海寧 低層 C室,498,售 $498 萬元,,310,2房,卯山酉向,私人屋苑,,,,美聯物業,1日前,https://www.28hse.com/buy/apartment/property-3897752,,,卯山酉向
[真盤員] 新鴻基♡峻巒♡開揚景♡大一房♡ 大型會所任你玩♡ 還有其他兩房三房♡,元朗,峻巒,1B(PARK YOHO VENEZIA) 5B座 高層 C室,485,售 $485 萬元,,416,1房,卯山酉向,私人屋苑,雅緻裝修,山景|園景|開揚景|河景,有露台,美聯物業代理有限公司,1日前,https://www.28hse.com/buy/apartment/property-3897741,,,卯山酉向
「獨家」映灣三期G 機場海 3房,東涌,映灣園,3期悅濤軒 10座 中層 G室,780,售 $780 萬元,,757,3房,卯山酉向,私人屋苑,,,,美聯物業代理有限公司,1日前,https://www.28hse.com/buy/apartment/property-3897740,2002,,卯山酉向
靚裝 市場呎價最抵 必走單位! V:sancheng627347,沙田,沙田中心,廣寧 中層 D室,608,售 $608 萬元,,378,2房,乾山巽向,私人屋苑,雅緻裝修,園景,,美聯物業,1日前,https://www.28hse.com/buy/apartment/property-3897738,,,乾山巽向
大角咀 港灣豪庭 | 2座 (1期) 高層 F室,大角咀,港灣豪庭,2座 (1期) 高層 F室,703,售 $703 萬元,,386,2房,子山午向,私人屋苑,雅緻裝修,開揚景|樓景|海景,,香港置業,1日前,https://www.28hse.com/buy/apartment/property-3897737,2003,七運,子山午向
荃灣 麗城花園 | 第二期 2座 中層 D室,荃灣,麗城花園,第二期 2座 中層 D室,650,售 $650 萬元,,668,3房,午山子向,私人屋苑,,,,美聯物業(麗城分行),1日前,https://www.28hse.com/buy/apartment/property-3897734,1988,七運,午山子向
啟德 嘉匯 | 8座 高層 A室,啟德,嘉匯,8座 高層 A室,8000,"售 $8,000 萬元",,1835,4房,午山子向,私人屋苑,,,,美聯物業,1日前,https://www.28hse.com/buy/apartment/property-3897731,,,午山子向
啟德 啟德1號(II) | 3座 高層 F室,啟德,啟德1號(II),3座 高層 F室,1250,"售 $1,250 萬元",,563,2房,卯山酉向,私人屋苑,,,,美聯物業,1日前,https://www.28hse.com/buy/apartment/property-3897726,,,卯山酉向
青衣 翠怡花園 | 2座 低層 G室,青衣,翠怡花園,2座 低層 G室,458,售 $458 萬元,,368,2房,卯山酉向,私人屋苑,,,,利嘉閣地產有限公司,1日前,https://www.28hse.com/buy/apartment/property-3897709,1989,,卯山酉向
屯門市中心核心地段 即買即住 業主急走,屯門,錦華花園,B座 低層 5室,352,售 $352 萬元,,353,2房,卯山酉向,私人屋苑,,,,中原地產代理有限公司,1日前,https://www.28hse.com/buy/apartment/property-3897706,,,卯山酉向
沙田 沙田第一城 | 5期 27座 中層 D室,沙田,沙田第一城,5期 27座 中層 D室,880,售 $880 萬元,,688,3房,乾山巽向,私人屋苑,,,,美聯物業,1日前,https://www.28hse.com/buy/apartment/property-3897690,1983,未知,乾山巽向
啟德 龍譽 | 1B座 低層 H室,啟德,龍譽,1B座 低層 H室,1060,"售 $1,060 萬元",,505,2房,子山午向,私人屋苑,,,,美聯物業,1日前,https://www.28hse.com/buy/apartment/property-3897687,,,子山午向
【必走單邊全海】東南煙花海景│地鐵站上蓋│歡迎即時約睇,青衣,盈翠半島,12座 中層 D室,1250,"售 $1,250 萬元",,653,3房,乾山巽向,私人屋苑,,開揚景|海景,,利嘉閣地產有限公司,1日前,https://www.28hse.com/buy/apartment/property-3897679,2000,,乾山巽向
"4 房 , 3 浴室 向西北 私人屋苑 長實 望海景 雅緻裝修 複式單位",馬鞍山,嵐岸,3座 中層,1820,"售 $1,820 萬元",,738,4房,乾山巽向,私人屋苑,雅緻裝修,海景,,世紀21奇豐海典灣,1日前,https://www.28hse.com/buy/apartment/property-3897672,2008,八運,乾山巽向
堅匙盤 啱啱減價至九百萬 歡迎隨時查詢,馬鞍山,銀湖天峰,5座 高層 E室,920,售 $920 萬元,,572,2房,子山午向,私人屋苑,,山景|開揚景,有會所|近地鐵站|近大型商場,中原地產代理有限公司,1日前,https://www.28hse.com/buy/apartment/property-3897667,2009,,子山午向
粉嶺 粉嶺中心 | 第一期 G座 低層,粉嶺,粉嶺中心,第一期 G座 低層,420,售 $420 萬元,,368,2房,午山子向,私人屋苑,,,,美聯物業,1日前,https://www.28hse.com/buy/apartment/property-3897662,,,午山子向
@園景高層南向，開業景觀，自住首選@,東涌,東環,2期 2B座 高層,600,售 $600 萬元,,453,2房,子山午向,私人屋苑,,園景,,美聯物業,1日前,https://www.28hse.com/buy/apartment/property-3897649,2017,,子山午向
優越地段/環境清幽/馬鐵站/娛樂消閒近在咫尺...,馬鞍山,聽濤雅苑,4座 中層 F室,980,售 $980 萬元,,755,3房,乾山巽向,私人屋苑,雅緻裝修,園景|開揚景|市景,VR,中原地產代理有限公司,1日前,https://www.28hse.com/buy/apartment/property-3897648,1997,七運,乾山巽向
馬鞍山 嘉華星濤灣 | 2座 高層 B室,馬鞍山,嘉華星濤灣,2座 高層 B室,830,售 $830 萬元,,541,2房,子山午向,私人屋苑,,開揚景|海景|河景,,中原地產代理有限公司,1日前,https://www.28hse.com/buy/apartment/property-3897634,,,子山午向
**世紀21奇豐獨家代理**保證實盤*開揚靚景*即約即睇*,粉嶺,粉嶺中心,第一期 A座 高層 5室,470,售 $470 萬元,,368,2房,子山午向,私人屋苑,,,,世紀21奇豐粉中分行,1日前,https://www.28hse.com/buy/apartment/property-3897621,,,子山午向
【７厘回報】錦上路村口位 | 最強投資戰略 | 唔好走雞,【７厘回報】錦上路村口位,,最強投資戰略 | 唔好走雞,258,售 $258 萬元,,550,2房,子山午向,村屋,基本裝修,園景|開揚景,近地鐵站|優質校網|有露台,譽進置業有限公司,1日前,https://www.28hse.com/buy/apartment/property-3897620,,,子山午向
Tracy楊小姐荀盤推介B積企理裝修,元朗,加州花園,第1C期(偉仕居) 米蘭徑 全幢,1380,"售 $1,380 萬元",,1377,3房,子山午向,私人屋苑,,,,美聯物業代理有限公司,1日前,https://www.28hse.com/buy/apartment/property-3897591,,,子山午向
[西沙王牌］海景2房～大型屋苑～舒適生活,大埔,Sierra Sea,1B期 Bleu Avenue第3座 高層,795,售 $795 萬元,,461,2房,午山子向,私人屋苑,,山景|開揚景|海景,,利嘉閣地產有限公司,1日前,https://www.28hse.com/buy/apartment/property-3897578,,,午山子向
670萬 超高層兩房 真盤實價 有匙 即睇,元朗,世宙,第3座 高層 G室,680,售 $680 萬元,,429,2房,卯山酉向,私人屋苑,雅緻裝修,開揚景,,利嘉閣地產有限公司,1日前,https://www.28hse.com/buy/apartment/property-3897577,2016,八運,卯山酉向
一線臨海/園林泳池無敵景觀/美景雙輝/盡收眼底...,馬鞍山,嵐岸,6座 中層 G室,1080,"售 $1,080 萬元",,755,3房,乾山巽向,私人屋苑,豪華裝修,園景|開揚景|海景|泳池景,VR,中原地產代理有限公司,1日前,https://www.28hse.com/buy/apartment/property-3897575,2008,八運,乾山巽向
美聯獨家～即叫即睇～全香港唯一地鐵站正頂5xx兩房～睇啱價錢！,葵芳,新葵芳花園,E座 低層 6室,540,售 $540 萬元,,408,2房,午山子向,私人屋苑,,,,美聯物業,1日前,https://www.28hse.com/buy/apartment/property-3897567,,,午山子向
綠悅，罕有平台特色戶，連車位放盤,洪水橋,綠悅,樓宇 3 座 低層 C室,730,售 $730 萬元,,727,3房,乾山巽向,私人屋苑,,,連平台,中原地產,1日前,https://www.28hse.com/buy/apartment/property-3897557,,,乾山巽向
屯門 大興花園 | 第二期 1座 低層 A室,屯門,大興花園,第二期 1座 低層 A室,369,售 $369 萬元,,419,2房,乾山巽向,私人屋苑,,,,美聯物業,1日前,https://www.28hse.com/buy/apartment/property-3897554,1992,,乾山巽向
筍盤 高質素全新樓 極高層海景 即買即住 歡迎約睇,屯門(青山公路),黃金海灣,2期 第1座(1B) 高層,428,售 $428 萬元,,304,1房,子山午向,私人屋苑,豪華裝修,海景,,世紀21領都地產,1日前,https://www.28hse.com/buy/apartment/property-3897553,,,子山午向
東涌映灣性價比超高兩房推薦，業主急走，還價即成,東涌,映灣園,2期映濤軒 6座 低層 E室,580,售 $580 萬元,,540,2房,乾山巽向,私人屋苑,基本裝修,山景|園景|開揚景|樓景,,美聯物業,1日前,https://www.28hse.com/buy/apartment/property-3897543,2002,,乾山巽向
粉嶺 粉嶺中心 | 第一期 G座 低層,粉嶺,粉嶺中心,第一期 G座 低層,420,售 $420 萬元,,368,2房,午山子向,私人屋苑,,,,美聯物業,1日前,https://www.28hse.com/buy/apartment/property-3897541,,,午山子向
火炭 名日九肚山 | 1座 低層,火炭,名日九肚山,1座 低層,710,售 $710 萬元,,483,2房,卯山酉向,私人屋苑,,,,中原地產代理限公司,1日前,https://www.28hse.com/buy/apartment/property-3897535,,,卯山酉向
［2分鐘到東涌地鐵站］中層園景&山景·向南最保值,東涌,東堤灣畔,6座 中層 D室,670,售 $670 萬元,,531,2房,子山午向,私人屋苑,,,,利嘉閣地產有限公司,1日前,https://www.28hse.com/buy/apartment/property-3897528,1999,,子山午向
可試 570 東南 超開揚 實盤 唔嘥你時間,元朗,峻巒,2C(PARK YOHO Milano) 35B座 中層 D室,580,售 $580 萬元,,504,2房,子山午向,私人屋苑,豪華裝修,山景|開揚景,有會所|近地鐵站|有露台,美聯物業代理有限公司,1日前,https://www.28hse.com/buy/apartment/property-3897524,,,子山午向
＜＜獨家！東南大三房，靚價放售，性價比高，景觀開揚，裝修企理＞＞,荃灣,怡景園,1座 中層 D室,788,售 $788 萬元,,616,3房,乾山巽向,私人屋苑,基本裝修,開揚景,,中原地產代理有限公司,1日前,https://www.28hse.com/buy/apartment/property-3897507,,,乾山巽向
粉嶺 碧湖花園 | 5座 高層 F室,粉嶺,碧湖花園,5座 高層 F室,445,售 $445 萬元,,400,2房,乾山巽向,私人屋苑,,,,美聯物業,1日前,https://www.28hse.com/buy/apartment/property-3897498,,,乾山巽向
屯門(青山公路) 愛琴海岸 | 1 座 中層 A室,屯門(青山公路),愛琴海岸,1 座 中層 A室,750,售 $750 萬元,,733,3房,子山午向,私人屋苑,,,,中原地產代理有限公司,1日前,https://www.28hse.com/buy/apartment/property-3897497,,,子山午向
東涌 東堤灣畔 | 6座 中層 D室,東涌,東堤灣畔,6座 中層 D室,670,售 $670 萬元,,531,2房,子山午向,私人屋苑,,山景|開揚景,有會所|近地鐵站|近大型商場,利嘉閣地產有限公司,1日前,https://www.28hse.com/buy/apartment/property-3897492,1999,,子山午向
［西沙王牌］池海雙輝～大型屋苑主打2房～筍筍筍,大埔,Sierra Sea,1B期 Bleu Avenue第5座 中層,698,售 $698 萬元,,443,2房,乾山巽向,私人屋苑,,山景|開揚景|海景|泳池景,,利嘉閣地產有限公司,1日前,https://www.28hse.com/buy/apartment/property-3897489,,,乾山巽向
荃灣 海濱花園 | 海寧閣 (17座) 中層 F室,荃灣,海濱花園,海寧閣 (17座) 中層 F室,670,售 $670 萬元,,559,3房,乾山巽向,私人屋苑,雅緻裝修,,,君悅物業,1日前,https://www.28hse.com/buy/apartment/property-3897486,,,乾山巽向
[美聯專業推介] 景觀開揚 ，企理裝修，厘印100元,青衣,美景花園,7座 中層 H室,400,售 $400 萬元,,329,2房,子山午向,私人屋苑,,,,美聯物業代理有限公司,1日前,https://www.28hse.com/buy/apartment/property-3897477,1982,,子山午向
【 店在峻巒•最熟盤源】$828萬 { 荀 } 利嘉閣 謝絕假盤 真傾價錢!!,元朗,峻巒,1B(PARK YOHO VENEZIA) 6A座 中層 D室,850,售 $850 萬元,,724,3房,午山子向,私人屋苑,雅緻裝修,園景|開揚景,,利嘉閣地產有限公司,1日前,https://www.28hse.com/buy/apartment/property-3897472,,,午山子向
朗屏站出口天橋直達 印花稅$100蚊 首選,元朗,朗屏8號,2座 中層 B室,368,售 $368 萬元,,246,,子山午向,私人屋苑,,,,美聯物業代理有限公司,1日前,https://www.28hse.com/buy/apartment/property-3897464,2016,,子山午向
荃灣 海之戀 | 9座 高層 C室,荃灣,海之戀,9座 高層 C室,780,售 $780 萬元,,393,1房,卯山酉向,私人屋苑,,海景,,美聯物業,1日前,https://www.28hse.com/buy/apartment/property-3897461,2018,,卯山酉向
一線海景 高層之選 4房2套+工人房,馬鞍山,迎海,第二期(‧星灣) 第19座 高層 A室,2275,"售 $2,275 萬元",,1379,4房,午山子向,私人屋苑,雅緻裝修,開揚景|海景,有露台,利嘉閣地產有限公司,1日前,https://www.28hse.com/buy/apartment/property-3897458,2013,,午山子向
"*超筍臨海半新樓, 兩房600萬內, 只此一間, 內園池景, 即買即住即收租*",白石角,海日灣 II,10座 中層,578,售 $578 萬元,,403,2房,午山子向,私人屋苑,雅緻裝修,園景|泳池景,,御龍山地產,1日前,https://www.28hse.com/buy/apartment/property-3766537,,,午山子向
《三房低水 內園開揚 把握時機》,美孚,美孚新邨,第二期 百老匯街33號 低層 C室,698,售 $698 萬元,,622,3房,子山午向,私人屋苑,雅緻裝修,,VR,利嘉閣地產有限公司,1日前,https://www.28hse.com/buy/apartment/property-3897446,1968,未知,子山午向
屯門(青山公路) 上源 | 2B座 中層 (UG-9/20樓) J室,屯門(青山公路),上源,2B座 中層 (UG-9/20樓) J室,648,售 $648 萬元,,738,3房,午山子向,私人屋苑,,開揚景,,中原地產代理有限公司,1日前,https://www.28hse.com/buy/apartment/property-3897444,2020,,午山子向
【峻巒】968萬 三房兩廁+工人套房，罕有單位，房大廳大，歡迎約看。,元朗,峻巒,1B(PARK YOHO VENEZIA) 5A座 中層 A室,1138,"售 $1,138 萬元",,945,3房,乾山巽向,私人屋苑,,,,美聯物業代理有限公司,1日前,https://www.28hse.com/buy/apartment/property-3897442,,,乾山巽向
$1100萬!激筍3房!!睇岩即再減!!只求出貨!!有票有驚喜!!!!!!!!,深水埗,愛海頌,2座 低層,1150,"售 $1,150 萬元",,723,3房,子山午向,私人屋苑,,,,美聯物業代理有限公司,1日前,https://www.28hse.com/buy/apartment/property-3897434,2020,八運,子山午向
(DH真盤源) 48X萬 拎包入住高層河景一房套 歡迎約看,沙田,沙田第一城,5期 52座 高層 C室,498,售 $498 萬元,,304,2房,乾山巽向,私人屋苑,,,,利嘉閣地產有限公司,1日前,https://www.28hse.com/buy/apartment/property-3897433,1983,未知,乾山巽向
（實盤推介）激罕3房套！優質海景貨！,荃灣,翠豐臺,5座 中層 H室,860,售 $860 萬元,,628,3房,卯山酉向,私人屋苑,雅緻裝修,開揚景|海景,,美聯物業,1日前,https://www.28hse.com/buy/apartment/property-3897431,2003,七運,卯山酉向
天水圍 嘉湖山莊 | 第5期(麗湖居) 7座 低層 E室,天水圍,嘉湖山莊,第5期(麗湖居) 7座 低層 E室,418,售 $418 萬元,,446,2房,乾山巽向,私人屋苑,,,,中原地產代理限公司,1日前,https://www.28hse.com/buy/apartment/property-3897412,1992,七運,乾山巽向
《獨家盤》極高層有匙即睇 梗廚2房 $1245萬 有票可傾 34名校網 本週精選,啟德,啟德1號(II),3座 高層 F室,1250,"售 $1,250 萬元",,563,2房,午山子向,私人屋苑,雅緻裝修,,有會所|近地鐵站|近大型商場|優質校網|有露台,利嘉閣,1日前,https://www.28hse.com/buy/apartment/property-3897397,,,午山子向
筍價，超近地鐵和大型商場，大兩房一浴室，有鎖鑰快約睇,東涌,東堤灣畔,9座 低層 C室,650,售 $650 萬元,,592,2房,乾山巽向,私人屋苑,,,,中原地產代理限公司,1日前,https://www.28hse.com/buy/apartment/property-3897396,1999,,乾山巽向
"新地傑作, 半山洋房, 花園車房",沙田,壹號雲頂,第三期 雲頂別墅 洋房 6 全幢,6170,"售 $6,170 萬元",,2532,3房,卯山酉向,私人屋苑,,,VR,利嘉閣地產有限公司,1日前,https://www.28hse.com/buy/apartment/property-3897393,,,卯山酉向
元朗 朗城滙 | 1座 低層 E室,元朗,朗城滙,1座 低層 E室,538,售 $538 萬元,,325,1房,子山午向,私人屋苑,,,,美聯物業代理有限公司,1日前,https://www.28hse.com/buy/apartment/property-3897388,,,子山午向
【樂湖居｜靚裝修】 上車兩房 超優質,天水圍,嘉湖山莊,第1期(樂湖居) 5座 中層 E室,460,售 $460 萬元,,448,2房,乾山巽向,私人屋苑,,,,中原地產,1日前,https://www.28hse.com/buy/apartment/property-3897384,1992,七運,乾山巽向
【800萬盡試】業主急走【有票必有驚喜】,荔枝角,碧海藍天,5座 高層,838,售 $838 萬元,,510,2房,午山子向,私人屋苑,,,,美聯物業代理有限公司,1日前,https://www.28hse.com/buy/apartment/property-3897380,,,午山子向
新鴻基超筍3房套連工人套，世外桃源泳池山景，巨廳雙邊落地玻璃，有匙即睇！,元朗,爾巒,茵羅洛斯大道 2座 低層,1100,"售 $1,100 萬元",,897,3房,子山午向,私人屋苑,雅緻裝修,,有會所|近地鐵站|近大型商場|有露台,利嘉閣,1日前,https://www.28hse.com/buy/apartment/property-3897376,,,子山午向
超筍價，超高層海景，三房兩浴室加儲物室，有興趣快約睇,東涌,藍天海岸,第1期 第2座 高層 A室,950,售 $950 萬元,,806,3房,午山子向,私人屋苑,,,,中原地產代理限公司,1日前,https://www.28hse.com/buy/apartment/property-3897361,,,午山子向
【真盤源】爾巒開陽2房梗廚明廁，飽覽綠油山景，有票可傾5XX萬！,元朗,爾巒,菲利提諾大道 8座 中層,600,售 $600 萬元,,466,2房,午山子向,私人屋苑,雅緻裝修,山景,有會所|近地鐵站|近大型商場,利嘉閣,1日前,https://www.28hse.com/buy/apartment/property-3897360,,,午山子向
新鴻基!~唯一海景複式5房套豪宅! 〈手快有〉還價即成!,美孚,曼克頓山,5座 高層 B室,8300,"售 $8,300 萬元",,2042,,乾山巽向,私人屋苑,豪華裝修,園景|開揚景|市景|海景,室內車位,利嘉閣地產有限公司,1日前,https://www.28hse.com/buy/apartment/property-3897353,,,乾山巽向
荔枝角 碧海藍天 | 1座 中層,荔枝角,碧海藍天,1座 中層,840,售 $840 萬元,,494,2房,乾山巽向,私人屋苑,雅緻裝修,,,利嘉閣地產有限公司,1日前,https://www.28hse.com/buy/apartment/property-3897352,,,乾山巽向
獨家兩房筍盤！要快！立即聯絡我！,天水圍,栢慧豪園,2期(栢慧豪廷) 二期(栢慧豪廷)8座 中層,456,售 $456 萬元,,503,2房,卯山酉向,私人屋苑,,,,利嘉閣地產,1日前,https://www.28hse.com/buy/apartment/property-3897350,2008,,卯山酉向
超筍2房! 萬勿錯過! 快聯繫我!,天水圍,嘉湖山莊,第3期(翠湖居) 1座 中層,372,售 $372 萬元,,448,,乾山巽向,私人屋苑,,,,利嘉閣地產,1日前,https://www.28hse.com/buy/apartment/property-3897346,1992,七運,乾山巽向
獨家！全市場最平海悅豪園兩房 $62x萬收票！不是凶宅凶層 可以約睇,坑口,海悅豪園,1座 高層 D室,628,售 $628 萬元,,432,2房,乾山巽向,私人屋苑,,山景|園景|開揚景|泳池景,獨家盤,美聯物業代理有限公司,1日前,https://www.28hse.com/buy/apartment/property-3897314,,,乾山巽向
【$738萬再傾！東南內園●業主急走】【有票必有驚喜】,荔枝角,泓景臺,6座 低層 H室,760,售 $760 萬元,,440,2房,子山午向,私人屋苑,雅緻裝修,園景,有會所|近地鐵站|近大型商場|有露台,美聯物業代理有限公司,1日前,https://www.28hse.com/buy/apartment/property-3897313,,,子山午向
《457萬》 映御 細兩房 423呎 銀主盤,元朗,映御,1座 低層 D室,650,售 $650 萬元,,488,2房,卯山酉向,私人屋苑,雅緻裝修,開揚景,,利嘉閣地產有限公司,1日前,https://www.28hse.com/buy/apartment/property-3897306,2018,八運,卯山酉向
《457萬》 映御 細兩房 423呎 銀主盤,元朗,映御,1座 低層 D室,650,售 $650 萬元,,488,2房,卯山酉向,私人屋苑,雅緻裝修,開揚景,,利嘉閣地產有限公司,1日前,https://www.28hse.com/buy/apartment/property-3897301,2018,八運,卯山酉向
康城 Grand Marini | 第2A座 高層 A室,康城,Grand Marini,第2A座 高層 A室,1300,"售 $1,300 萬元",,731,3房,乾山巽向,私人屋苑,,,,利嘉閣地產有限公司,1日前,https://www.28hse.com/buy/apartment/property-3897284,,,乾山巽向
荔枝角 泓景臺 | 6座 低層 H室,荔枝角,泓景臺,6座 低層 H室,770,售 $770 萬元,,440,2房,子山午向,私人屋苑,,,,中原地產-泓景臺分行,1日前,https://www.28hse.com/buy/apartment/property-3897283,,,子山午向
【世紀21獨家盤】近鐵路 位置優越 +開揚景 有匙,粉嶺,粉嶺中心,第二期 H座 低層,460,售 $460 萬元,,366,2房,子山午向,私人屋苑,,開揚景,獨家盤,世紀21奇豐粉中分行,1日前,https://www.28hse.com/buy/apartment/property-3897279,,,子山午向
實盤實價 市中心筍盤 【上車/收租精選】 ㊣專業貼心一站式服務㊣,屯門,屯門市廣場,2座 低層 F室,390,售 $390 萬元,,326,1房,卯山酉向,私人屋苑,雅緻裝修,山景,,美聯物業,1日前,https://www.28hse.com/buy/apartment/property-3897277,1987,七運,卯山酉向
可試38x！業主移民急讓！優質兩房單位,屯門,御半山,1期 1B座 中層 G室,445,售 $445 萬元,,386,2房,子山午向,私人屋苑,雅緻裝修,園景,有會所|近地鐵站|近大型商場|優質校網|有露台,美聯物業代理有限公司,1日前,https://www.28hse.com/buy/apartment/property-3897276,2019,,子山午向
又一村 畢架山峰 | 屋苑 1座 高層 B室,又一村,畢架山峰,屋苑 1座 高層 B室,3800,"售 $3,800 萬元",,1459,4房,乾山巽向,私人屋苑,雅緻裝修,,,中原地產,1日前,https://www.28hse.com/buy/apartment/property-3897273,,,乾山巽向
(減價$1260萬）正北水三房半｜罕有高層,馬鞍山,銀湖天峰,5座 中層 A室,1320,"售 $1,320 萬元",,797,3房,午山子向,私人屋苑,,海景,有會所|近地鐵站|有露台|VR,中原地產代理限公司,1日前,https://www.28hse.com/buy/apartment/property-3897271,2009,,午山子向
馬鞍山 聽濤雅苑 | 6座 中層 E室,馬鞍山,聽濤雅苑,6座 中層 E室,740,售 $740 萬元,,526,2房,乾山巽向,私人屋苑,,開揚景|海景,,中原地產代理有限公司,1日前,https://www.28hse.com/buy/apartment/property-3897258,1997,七運,乾山巽向
【複式連內廁】可連租約6厘回報，直借按揭，只需60萬首期,葵涌,I CITY,高層,206,售 $206 萬元,444,,2房,乾山巽向,,,山景|開揚景|海景|泳池景,,利嘉閣地產有限公司,1日前,https://www.28hse.com/buy/office/property-3897256,,,乾山巽向
《美聯經理推介》 該屋苑最荀價錢入場 有支票幫你盡傾,青衣,青華苑,華璇閣(B座) 中層 8室,330,售 $330 萬元,,363,2房,乾山巽向,居屋,,,,美聯物業,1日前,https://www.28hse.com/buy/apartment/property-3897250,1986,,乾山巽向
[[優質盤]] 位置靚 景觀佳 必睇,元朗,村屋,獨立屋 全幢,388,售 $388 萬元,,630,3房,乾山巽向,村屋,豪華裝修,,,尚方置業有限公司,1日前,https://www.28hse.com/buy/apartment/property-3897242,,,乾山巽向
《實盤筍盤》比票可傾可試約睇 yoho站上蓋項目 1房$625萬 本週火速成交,元朗,The YOHO Hub,B期 2座 低層,625,售 $625 萬元,,349,1房,乾山巽向,私人屋苑,雅緻裝修,山景|園景|開揚景,近地鐵站|近大型商場|有露台,利嘉閣,1日前,https://www.28hse.com/buy/apartment/property-3897240,,,乾山巽向
元朗 錦繡花園 | 獨立屋 全幢,元朗,錦繡花園,獨立屋 全幢,1080,"售 $1,080 萬元",,848,3房,乾山巽向,獨立屋,,,,金恆地產有限公司,1日前,https://www.28hse.com/buy/apartment/property-3825165,,,乾山巽向
◇ ◇ 極稀有 樓皇◆東南維港✧煙花海景✧極高層 相熟業主,青衣,盈翠半島,12座 高層,1650,"售 $1,650 萬元",,788,4房,乾山巽向,私人屋苑,,開揚景|海景,,美聯物業,1日前,https://www.28hse.com/buy/apartment/property-3897218,2000,,乾山巽向
《美聯Oscar推介》 靚裝兩房 即買即住 有票幫你盡傾,青衣,美景花園,7座 中層 H室,400,售 $400 萬元,,329,2房,子山午向,私人屋苑,,,,美聯物業,1日前,https://www.28hse.com/buy/apartment/property-3897213,1982,,子山午向
有票可傾788萬 Yoho專家 搵我絕對真實,元朗,Grand YOHO,第一期 1座 低層,810,售 $810 萬元,,507,2房,卯山酉向,私人屋苑,豪華裝修,,有會所|近地鐵站|近大型商場|有露台,利嘉閣,1日前,https://www.28hse.com/buy/apartment/property-3897211,2017,,卯山酉向
【精選上車筍盤】新鴻基半新樓·開陽北望神州！巨廳巨房超實用！月內必走！有匙即約睇,元朗,映御,1座 中層 H室,450,售 $450 萬元,,374,1房,卯山酉向,私人屋苑,,山景|開揚景|河景,有會所|近大型商場|優質校網|有露台,利嘉閣地產有限公司,1日前,https://www.28hse.com/buy/apartment/property-3897207,2018,八運,卯山酉向
美孚 美孚新邨 | 第二期 百老匯街33號 低層 C室,美孚,美孚新邨,第二期 百老匯街33號 低層 C室,698,售 $698 萬元,,622,3房,子山午向,私人屋苑,雅緻裝修,,,中原地產-南昌分行A組,1日前,https://www.28hse.com/buy/apartment/property-3897205,1968,未知,子山午向
元朗 世宙 | 第2座 高層 G室,元朗,世宙,第2座 高層 G室,678,售 $678 萬元,,429,2房,卯山酉向,私人屋苑,,,,中原地產代理限公司,1日前,https://www.28hse.com/buy/apartment/property-3897199,2016,八運,卯山酉向
有票可傾740萬 峻巒專組 搵我絕對真實,元朗,峻巒,2B(PARK YOHO Napoli) 26座 中層,840,售 $840 萬元,,733,3房,子山午向,私人屋苑,豪華裝修,,有會所|有露台,利嘉閣,1日前,https://www.28hse.com/buy/apartment/property-3897189,,,子山午向
[真實盤源 店在朗8］低過640都係騙你,元朗,朗屏8號,1座 中層 H室,640,售 $640 萬元,,481,2房,午山子向,私人屋苑,,園景|開揚景|泳池景,,利嘉閣地產有限公司,1日前,https://www.28hse.com/buy/apartment/property-3897185,2016,,午山子向
［真實盤源 店在世宙］有票可傾665 ！即約即睇,元朗,世宙,第2座 高層 G室,680,售 $680 萬元,,429,2房,卯山酉向,私人屋苑,雅緻裝修,園景|開揚景|泳池景,,利嘉閣地產有限公司,1日前,https://www.28hse.com/buy/apartment/property-3897180,2016,八運,卯山酉向
[最平筍盤]藍澄灣 方廳實用企理 環境清幽 還價即成 可睇樓,青衣,藍澄灣,3座 低層 E室,738,售 $738 萬元,,690,3房,卯山酉向,私人屋苑,,,,利嘉閣地產有限公司,1日前,https://www.28hse.com/buy/apartment/property-3897167,2000,,卯山酉向
@上車筍盤推介◆ 全屋靚裝 。即買即享受 。睇岩幫你傾,青衣,青怡花園,1座 中層,500,售 $500 萬元,,343,2房,卯山酉向,私人屋苑,雅緻裝修,開揚景,,美聯物業,1日前,https://www.28hse.com/buy/apartment/property-3897166,1986,,卯山酉向
九龍站 凱旋門 | 2A座 (映月閣) 高層,九龍站,凱旋門,2A座 (映月閣) 高層,5500,"售 $5,500 萬元",,1017,3房,乾山巽向,私人屋苑,,海景,,利嘉閣地產有限公司,1日前,https://www.28hse.com/buy/apartment/property-3897160,,,乾山巽向
尖沙咀 Grand Austin | GRAND AUSTIN 1座 C室 中層,尖沙咀,Grand Austin,GRAND AUSTIN 1座 C室 中層,4500,"售 $4,500 萬元",,1196,4房,子山午向,私人屋苑,,開揚景|海景,VR|室內車位,利嘉閣地產有限公司,1日前,https://www.28hse.com/buy/apartment/property-3897159,,,子山午向
JL即走筍盤•$100印花稅•仲要高層勁開楊•把握機會,青衣,美景花園,7座 中層 H室,400,售 $400 萬元,,329,2房,午山子向,私人屋苑,,,,利嘉閣地產有限公司,1日前,https://www.28hse.com/buy/apartment/property-3897152,1982,,午山子向
精選賣盤｜四房兩套複式連天台包車位｜罕有特色單位,啟德,Monaco,第2期(Grande ) 低座D座 高層 A室,5300,"售 $5,300 萬元",,1543,4房,卯山酉向,私人屋苑,,,,利嘉閣地產有限公司,1日前,https://www.28hse.com/buy/apartment/property-3897150,,,卯山酉向
@新盤筍盤推介◆ $100印花稅 。開揚景觀 。上車首選 。相熟業主,青衣,美景花園,7座 中層,400,售 $400 萬元,,329,2房,子山午向,私人屋苑,基本裝修,開揚景,,美聯物業,1日前,https://www.28hse.com/buy/apartment/property-3897141,1982,,子山午向
沙田 沙田中心 | 安寧 中層 A室,沙田,沙田中心,安寧 中層 A室,600,售 $600 萬元 +,,390,2房,乾山巽向,私人屋苑,,園景|開揚景|河景,獨家盤,中原地產,1日前,https://www.28hse.com/buy/apartment/property-3897139,,,乾山巽向
業主換校網出九龍 割愛靚裝修贈有緣人 約多四五個單位出黎比較埋啦,屯門,華都花園,3座 中層 B室,378,售 $378 萬元,,412,2房,乾山巽向,私人屋苑,,山景|開揚景,,中原地產代理限公司,2日前,https://www.28hse.com/buy/apartment/property-3897093,,,乾山巽向
海之戀最平2房放賣，920萬站顶海景,荃灣,海之戀,‧愛炫美 3B座 低層 B室,920,售 $920 萬元,,506,2房,卯山酉向,私人屋苑,,海景,,美聯物業,2日前,https://www.28hse.com/buy/apartment/property-3897089,2018,,卯山酉向
【終極筍盤】真。行元朗西鐵站零距離三樓連天台548萬,元朗,元朗村屋,全層 高層,528,售 $528 萬元,,521,2房,子山午向,村屋,豪華裝修,開揚景,,聚富物業有限公司,2日前,https://www.28hse.com/buy/apartment/property-3805146,,,子山午向
(晉誠地產全部真盤) 有匙即看！2房向南園池！53X萬收票《誠邀各業主委託放盤》,屯門(青山公路),黃金海灣,2期 第1座(1B) 低層,549,售 $549 萬元,,441,2房,子山午向,私人屋苑,,園景|泳池景,有會所|近大型商場|有露台,晉誠地產代理有限公司,2日前,https://www.28hse.com/buy/apartment/property-3897067,,,子山午向
《香港置業推介》清淨內園雅緻裝修帶行李入住，寫意悠閒生活享受，速電RITASIT,馬灣,珀麗灣,第1期 10座 低層 F室,568,售 $568 萬元,,531,2房,卯山酉向,私人屋苑,雅緻裝修,,,香港置業,2日前,https://www.28hse.com/buy/apartment/property-3897048,,,卯山酉向
2房海景.100真盤.歡迎打開VR視察室內,奧運,凱帆軒,2座 中層 C室,790,售 $790 萬元,,426,2房,子山午向,私人屋苑,,,VR,中原地產,2日前,https://www.28hse.com/buy/apartment/property-3897044,,,子山午向
《香港置業小吳獨家推介》靚裝東南大兩房 有票可傾!低水買樓 即買即賺!,馬灣,珀麗灣,第3期 19座 低層,530,售 $530 萬元,,532,2房,乾山巽向,私人屋苑,豪華裝修,園景|開揚景,有會所|有露台,香港置業,2日前,https://www.28hse.com/buy/apartment/property-3897042,,,乾山巽向
想搵有交通方便/又要有商場配套/仲要有埋無敵大海景...仲駛乜週圍睇？,馬鞍山,新港城,5期( 海濤居 ) 海濤居 1座 高層 A室,1488,"售 $1,488 萬元 +",,932,3房,卯山酉向,私人屋苑,豪華裝修,開揚景|海景|泳池景,VR,中原地產代理有限公司,2日前,https://www.28hse.com/buy/apartment/property-3897040,1993,,卯山酉向
《中原最齊盤》●●靚裝三房【一買即住】家庭客必睇,荃灣,荃灣廣場,2座 低層 B室,828,售 $828 萬元,,552,3房,卯山酉向,私人屋苑,,,,中原地產,2日前,https://www.28hse.com/buy/apartment/property-3897039,,,卯山酉向
豪裝3房.$14××萬！！！可約睇.歡迎打開VR視察室內.,奧運,柏景灣,第二期(帝柏海灣) 第5座 低層 C室,1500,"售 $1,500 萬元",,695,3房,子山午向,私人屋苑,,,VR,中原地產,2日前,https://www.28hse.com/buy/apartment/property-3897030,2001,七運,子山午向
風光無限/休憩恬靜/舒適生活/盡在於此...,大埔,Sierra Sea,1B期 Bleu Avenue第5座 低層 J室,700,售 $700 萬元,,443,2房,子山午向,私人屋苑,豪華裝修,開揚景|海景|泳池景,VR,中原地產代理有限公司,2日前,https://www.28hse.com/buy/apartment/property-3896983,,,子山午向
@美聯推介 超筍大兩房 市場唯一靚裝 即買即住即享受 上車客切勿錯過,馬灣,珀麗灣,第1期 10座 低層 F室,568,售 $568 萬元,,531,2房,卯山酉向,私人屋苑,,園景|開揚景,有會所|近大型商場|優質校網,美聯物業,2日前,https://www.28hse.com/buy/apartment/property-3896977,,,卯山酉向
"約定你,必需睇睇（$ 135x萬沙田區站上蓋3房) 步行30秒直達月台 租也歡迎",大圍,溱岸8號,5座 低層,1360,"售 $1,360 萬元",,729,3房,乾山巽向,私人屋苑,,,,美聯物業代理有限公司,2日前,https://www.28hse.com/buy/apartment/property-3896974,2015,,乾山巽向
沙田 沙田中心 | 佳寧 中層 B室,沙田,沙田中心,佳寧 中層 B室,550,售 $550 萬元,,347,2房,午山子向,私人屋苑,雅緻裝修,開揚景,,中原地產,2日前,https://www.28hse.com/buy/apartment/property-3896968,,,午山子向
天水圍 慧景軒 | 1座 低層 G室,天水圍,慧景軒,1座 低層 G室,675,售 $675 萬元,,666,3房,乾山巽向,私人屋苑,,,,美联物业,2日前,https://www.28hse.com/buy/apartment/property-3896967,2004,,乾山巽向
沙田 沙田中心 | 新寧 中層 H室,沙田,沙田中心,新寧 中層 H室,460,售 $460 萬元,,292,開放式,卯山酉向,私人屋苑,雅緻裝修,開揚景,,中原地產,2日前,https://www.28hse.com/buy/apartment/property-3896958,,,卯山酉向
實盤＊可試980萬＊歡迎查詢 有裝修3房套,青衣,灝景灣,1座 低層 B室,1050,"售 $1,050 萬元",,674,3房,丑山未向,私人屋苑,,,,美聯物業代理有限公司,2日前,https://www.28hse.com/buy/apartment/property-3896956,1998,七運,丑山未向
Matthew推介＊高層向南海景＊＊3房套 優質單位 平價賣 有匙即睇,青衣,盈翠半島,12座 中層 D室,1250,"售 $1,250 萬元",,653,3房,乾山巽向,私人屋苑,,開揚景|海景,,美聯物業代理有限公司,2日前,https://www.28hse.com/buy/apartment/property-3896948,2000,,乾山巽向
馬灣 珀麗灣 | 第3期 19座 中層 E室,馬灣,珀麗灣,第3期 19座 中層 E室,520,售 $520 萬元,,490,2房,乾山巽向,私人屋苑,,,,香港置業,2日前,https://www.28hse.com/buy/apartment/property-3896939,,,乾山巽向
Eliane推介＊有匙即睇＊最筍2房 自住/收租一流 歡迎約睇,青衣,翠怡花園,2座 低層 G室,458,售 $458 萬元,,368,2房,卯山酉向,私人屋苑,,,,美聯物業代理有限公司,2日前,https://www.28hse.com/buy/apartment/property-3896937,1989,,卯山酉向
元朗 朗屏8號 | 1座 低層 H室,元朗,朗屏8號,1座 低層 H室,610,售 $610 萬元,,481,2房,卯山酉向,私人屋苑,雅緻裝修,園景,有露台|VR,中原地產,2日前,https://www.28hse.com/buy/apartment/property-3896934,2016,,卯山酉向
{有VR} 罕有新裝 有匙即睇 東南海景連車位,荃灣,恆麗園,1座 低層 A室,668,售 $668 萬元,,593,3房,乾山巽向,私人屋苑,,,VR,美聯物業(麗城分行),2日前,https://www.28hse.com/buy/apartment/property-3896925,,,乾山巽向
｛全權獨家｝ 罕有高層海景 實用兩房,荃灣,翠濤閣,2座 高層 C室,490,售 $490 萬元,,477,2房,午山子向,私人屋苑,,開揚景|海景,,美聯物業(麗城分行),2日前,https://www.28hse.com/buy/apartment/property-3896918,,,午山子向
【真盤源】【獨家】筍筍筍特大兩房，開揚景，即約即睇,啟德,天璽天,1期 第5座 高層 F室,1450,"售 $1,450 萬元",,459,2房,午山子向,私人屋苑,,,,利嘉閣地產有限公司,2日前,https://www.28hse.com/buy/apartment/property-3896898,,,午山子向
傲凱！超特色單位！頂層海景1房！歡迎看！ 不連天台！8分鐘 南昌站！,深水埗,傲凱,高層 A室,508,售 $508 萬元,,287,1房,子山午向,私人屋苑,豪華裝修,園景|開揚景|樓景|市景,有露台,利嘉閣地產有限公司,2日前,https://www.28hse.com/buy/apartment/property-3896892,,,子山午向
至高無上 得天獨厚 君臨天下 整個迎海星灣最靚海景位,馬鞍山,迎海,第二期(‧星灣) 第19座 高層 A室,2275,"售 $2,275 萬元",,1379,4房,午山子向,私人屋苑,雅緻裝修,開揚景|海景,室內車位,中原地產,2日前,https://www.28hse.com/buy/apartment/property-3896886,2013,,午山子向
【高層東南 豪裝全屋水電換晒 一勞永逸】,美孚,美孚新邨,第一期 百老匯街21號 高層 C室,749,售 $749 萬元,,639,2房,子山午向,私人屋苑,豪華裝修,,,利嘉閣地產有限公司,2日前,https://www.28hse.com/buy/apartment/property-3896882,1968,未知,子山午向
[真盤源］啟德城中心兩房開廚！鄰近地鐵站！有匙引看！,啟德,嘉匯,1座 低層 E室,850,售 $850 萬元,,453,2房,子山午向,私人屋苑,基本裝修,樓景,有會所|近地鐵站|近大型商場|有露台,利嘉閣地產有限公司,2日前,https://www.28hse.com/buy/apartment/property-3896874,,,子山午向
{全權獨家} {VR} 罕有高層向南 有匙即睇,荃灣,麗城花園,第二期 7座 高層 H室,720,售 $720 萬元,,668,3房,午山子向,私人屋苑,雅緻裝修,海景,VR|獨家盤,美聯物業(麗城分行),2日前,https://www.28hse.com/buy/apartment/property-3896873,1988,七運,午山子向
好運中心 河景2房 高層 電梯到 筍盤只得一間,沙田,好運中心,D1座 ( 竹林閣 ) 高層 F室,538,售 $538 萬元,,334,2房,乾山巽向,私人屋苑,豪華裝修,河景,近地鐵站|近大型商場,中原地產,2日前,https://www.28hse.com/buy/apartment/property-3896872,1983,未知,乾山巽向
【內園罕放 靚裝三房套 家庭之選】,美孚,美孚新邨,第四期 百老匯街83號 中層 C室,800,售 $800 萬元,,666,3房,子山午向,私人屋苑,,,VR,利嘉閣地產有限公司,2日前,https://www.28hse.com/buy/apartment/property-3896864,1968,未知,子山午向
屯門 叠茵庭 | 第一期 4座 中層 A室,屯門,叠茵庭,第一期 4座 中層 A室,395,售 $395 萬元,,376,2房,子山午向,私人屋苑,雅緻裝修,,,美聯物業,2日前,https://www.28hse.com/buy/apartment/property-3896859,1999,,子山午向
《靚裝巨廳!!! 一見傾心 高層位靚》,美孚,美孚新邨,第四期 百老匯街81號 高層 A室,820,售 $820 萬元,,664,2房,子山午向,私人屋苑,豪華裝修,市景,VR,利嘉閣地產有限公司,2日前,https://www.28hse.com/buy/apartment/property-3896857,1968,未知,子山午向
兆康站 學區房 罕有特色連天台 三房 有匙引看,屯門,叠茵庭,第一期 4座 高層,580,售 $580 萬元,,499,3房,卯山酉向,私人屋苑,,,,中原地產,2日前,https://www.28hse.com/buy/apartment/property-3896856,1999,,卯山酉向
荔枝角 宇晴軒 | 6座 高層 E室,荔枝角,宇晴軒,6座 高層 E室,918,售 $918 萬元,,484,2房,卯山酉向,私人屋苑,,開揚景,,利嘉閣地產有限公司,2日前,https://www.28hse.com/buy/apartment/property-3896854,2004,,卯山酉向
【東南4房】 鄰近地鐵站衣食住行樣樣齊【何文田校】,何文田,半山壹號,第一期 半山徑26號 低層 26室,3250,"售 $3,250 萬元",,1662,4房,乾山巽向,私人屋苑,,開揚景,,美聯物業代理有限公司,2日前,https://www.28hse.com/buy/apartment/property-3896853,,,乾山巽向
馬鞍山 翠擁華庭 | 9座 低層 A室,馬鞍山,翠擁華庭,9座 低層 A室,888,售 $888 萬元 +,,751,4房,卯山酉向,私人屋苑,,,,中原地產,2日前,https://www.28hse.com/buy/apartment/property-3896850,2000,,卯山酉向
南昌 匯璽 | II(3期) 3A座 低層 B室,南昌,匯璽,II(3期) 3A座 低層 B室,3500,"售 $3,500 萬元",,1320,4房,子山午向,私人屋苑,,園景|開揚景|市景|海景,,利嘉閣地產有限公司,2日前,https://www.28hse.com/buy/apartment/property-3896847,2019,,子山午向
居高临下！特高4.5米楼底！矜罕复式连天台+天池屋+车位！有匙即睇！,大角咀,亮賢居,高層 B室,4980,"售 $4,980 萬元",,2358,4房,午山子向,私人屋苑,,,VR,利嘉閣地產有限公司,2日前,https://www.28hse.com/buy/apartment/property-3896837,,,午山子向
藍天海岸水藍天獨立屋 園景開揚 近港鐵東涌站,東涌,藍天海岸,第2期(水藍天) 全幢,2980,"售 $2,980 萬元",,1717,3房,子山午向,私人屋苑,雅緻裝修,,,美聯物業,2日前,https://www.28hse.com/buy/apartment/property-3896810,,,子山午向
可試$9XX【給家人最好的！映灣園 3 期 3 房大宅 】銀行估凸價,東涌,映灣園,3期悅濤軒 9座 低層,1380,"售 $1,380 萬元",,918,3房,午山子向,私人屋苑,豪華裝修,泳池景,,美聯物業,2日前,https://www.28hse.com/buy/apartment/property-3896806,2002,,午山子向
【手慢無！東涌地鐵上蓋 3房+工人房】,東涌,東堤灣畔,7座 低層,840,售 $840 萬元,,813,3房,午山子向,私人屋苑,,,,美聯物業,2日前,https://www.28hse.com/buy/apartment/property-3896800,1999,,午山子向
[真盤源］啟德城中心兩房梗廚！間隔實用！有匙引看！,啟德,龍譽,1B座 低層 H室,1060,"售 $1,060 萬元",,505,2房,子山午向,私人屋苑,基本裝修,樓景,有會所|近地鐵站|近大型商場|有露台,利嘉閣地產有限公司,2日前,https://www.28hse.com/buy/apartment/property-3896787,,,子山午向
[真盤源］啟德城中心兩房開廚明廁！站上蓋！全新傢俬！有匙引看！,啟德,天璽天,1期 第5座 中層 B8室,1280,"售 $1,280 萬元",,460,2房,午山子向,私人屋苑,雅緻裝修,樓景,有會所|近地鐵站|近大型商場|有露台,利嘉閣地產有限公司,2日前,https://www.28hse.com/buy/apartment/property-3896770,,,午山子向
大劈價495萬！《中原地產》專組同事謝絕假盤 熟盤/貼市/一定幫到你 歡迎查詢,元朗,峻巒,1C(PARK YOHO SICILIA) 1A座 高層,632,售 $632 萬元,,628,1房,卯山酉向,私人屋苑,,,,中原地產,2日前,https://www.28hse.com/buy/apartment/property-3896767,,,卯山酉向
大劈價495萬！《中原地產》專組同事謝絕假盤 熟盤/貼市/一定幫到你 歡迎查詢,元朗,峻巒,1C(PARK YOHO SICILIA) 1A座 高層,632,售 $632 萬元,,628,1房,卯山酉向,私人屋苑,,,,中原地產,2日前,https://www.28hse.com/buy/apartment/property-3896766,,,卯山酉向
大劈價495萬！《中原地產》專組同事謝絕假盤 熟盤/貼市/一定幫到你 歡迎查詢,元朗,峻巒,1C(PARK YOHO SICILIA) 1A座 高層,632,售 $632 萬元,,628,1房,卯山酉向,私人屋苑,,,,中原地產,2日前,https://www.28hse.com/buy/apartment/property-3896764,,,卯山酉向
映灣園性價比超高兩房單位放售 手快有，手慢無,東涌,映灣園,1期賞濤軒 3座 中層 C室,540,售 $540 萬元,,495,2房,乾山巽向,私人屋苑,,山景|園景|開揚景|樓景,有會所|優質校網,美聯物業,2日前,https://www.28hse.com/buy/apartment/property-3896763,2002,,乾山巽向
【CLARY荀盤推介】罕有大窗正池園三房套,青衣,灝景灣,1座 低層 B室,1050,"售 $1,050 萬元",,674,3房,丑山未向,私人屋苑,,,VR,利嘉閣地產有限公司,2日前,https://www.28hse.com/buy/apartment/property-3896758,1998,七運,丑山未向
《中原地產》專組同事 謝絕假盤 熟盤/貼市/一定幫到你 歡迎查詢,元朗,雍翠豪園,1座 中層,558,售 $558 萬元,,443,2房,午山子向,私人屋苑,,,,中原地產,2日前,https://www.28hse.com/buy/apartment/property-3896748,,,午山子向
澳南系列，罕有梗廚放賣，歡迎預約睇樓,將軍澳,The Parkside,1A座 中層 C室,980,售 $980 萬元,,508,2房,午山子向,私人屋苑,,,,利嘉閣地產有限公司,2日前,https://www.28hse.com/buy/apartment/property-3896737,,,午山子向
馬鞍山 迎海 | 第三期(‧星灣御) 25座 中層 H室,馬鞍山,迎海,第三期(‧星灣御) 25座 中層 H室,1480,"售 $1,480 萬元",,767,2房,午山子向,私人屋苑,,,,中原地產,2日前,https://www.28hse.com/buy/apartment/property-3896728,2013,,午山子向
九龍站 天璽 | 第1期 星鑽璽 中層,九龍站,天璽,第1期 星鑽璽 中層,2150,"售 $2,150 萬元",,637,2房,子山午向,私人屋苑,,,,領高地產代理有限公司,2日前,https://www.28hse.com/buy/apartment/property-3896727,2009,八運,子山午向
【$948萬再傾！正南大則兩房！】【有票有驚喜】,荔枝角,昇悅居,1座 高層,968,售 $968 萬元,,517,2房,子山午向,私人屋苑,雅緻裝修,開揚景,有會所|近地鐵站|近大型商場,美聯物業代理有限公司,2日前,https://www.28hse.com/buy/apartment/property-3896720,2003,七運,子山午向
馬鞍山 迎海 | 第一期 第1座 低層 A室,馬鞍山,迎海,第一期 第1座 低層 A室,760,售 $760 萬元,,496,1房,乾山巽向,私人屋苑,,,,中原地產,2日前,https://www.28hse.com/buy/apartment/property-3896714,2013,,乾山巽向
奧運 浪澄灣 | 3座 中層 C室,奧運,浪澄灣,3座 中層 C室,988,售 $988 萬元,,549,2房,子山午向,私人屋苑,,開揚景,,美聯物業代理有限公司,2日前,https://www.28hse.com/buy/apartment/property-3896704,2006,八運,子山午向
馬鞍山 迎海 | 第四期(‧駿岸) 6座 低層 G室,馬鞍山,迎海,第四期(‧駿岸) 6座 低層 G室,840,售 $840 萬元,,553,3房,子山午向,私人屋苑,,,,美聯物業代理有限公司,2日前,https://www.28hse.com/buy/apartment/property-3896699,2013,,子山午向
屯門 御半山 | 1期 1A座 低層 H室,屯門,御半山,1期 1A座 低層 H室,460,售 $460 萬元,,388,1房,卯山酉向,私人屋苑,,,,中原地產代理有限公司,2日前,https://www.28hse.com/buy/apartment/property-3896695,2019,,卯山酉向
《永久海景 特高樓底 彩光度高 全屋苑最優質》,東涌,東環,2期 1A座 高層 1室,850,售 $850 萬元,,639,3房,午山子向,私人屋苑,雅緻裝修,海景,獨家盤,美聯物業,2日前,https://www.28hse.com/buy/apartment/property-3896683,2017,,午山子向
《靚裝》 唔洗500萬 嘉湖三房 真實盤 可約睇,天水圍,嘉湖山莊,第7期(景湖居) 9座 低層,500,售 $500 萬元,,546,3房,乾山巽向,私人屋苑,雅緻裝修,,,中原地產,2日前,https://www.28hse.com/buy/apartment/property-3896682,1992,七運,乾山巽向
🆅🆁✚▛最新放盤必走𝟐房▟✚靚裝市景✚有VR有影片睇樓✚保證實盤✚歡迎致電,荃灣,環宇海灣,第8座 中層 D室,730,售 $730 萬元,,482,2房,午山子向,私人屋苑,雅緻裝修,山景|開揚景|樓景|市景,有露台|VR,中原地產代理限公司,2日前,https://www.28hse.com/buy/apartment/property-3896681,,,午山子向
業主誠意推介 海景三房 換樓至愛,奧運,浪澄灣,2座 高層 A室,2000,"售 $2,000 萬元",,842,3房,子山午向,私人屋苑,,海景,,美聯物業代理有限公司,2日前,https://www.28hse.com/buy/apartment/property-3896680,2006,八運,子山午向
"特色天際大宅, 空中花園,私人泳池",沙田,嘉御山,屋苑 2 座 高層 B室,4280,"售 $4,280 萬元",,2295,4房,子山午向,私人屋苑,,,,利嘉閣地產有限公司,2日前,https://www.28hse.com/buy/apartment/property-3896677,,,子山午向
屯門 Novo Land | 2B期 Arreso 2座 低層 G室,屯門,Novo Land,2B期 Arreso 2座 低層 G室,410,售 $410 萬元,,298,1房,子山午向,私人屋苑,,,,中原地產代理有限公司,2日前,https://www.28hse.com/buy/apartment/property-3896667,,,子山午向
白石角 天賦海灣 | 第15座 高層,白石角,天賦海灣,第15座 高層,1838,"售 $1,838 萬元",,1348,4房,卯山酉向,私人屋苑,雅緻裝修,,優質校網,中原地產,2日前,https://www.28hse.com/buy/apartment/property-3896661,2013,,卯山酉向
極罕 東南高層 “可試420萬 “景觀開陽,天水圍,嘉湖山莊,第5期(麗湖居) 10座 高層,430,售 $430 萬元,,442,2房,乾山巽向,私人屋苑,,開揚景,,中原地產,2日前,https://www.28hse.com/buy/apartment/property-3896658,1992,七運,乾山巽向
內園兩房，清幽寧靜，臨近地鐵站、商場，交通方便,青衣,灝景灣,9座 低層 G室,880,售 $880 萬元,,499,2房,丑山未向,私人屋苑,,,,美聯物業,2日前,https://www.28hse.com/buy/apartment/property-3896655,1998,七運,丑山未向
東涌 映灣園 | 2期映濤軒 8座 高層 D室,東涌,映灣園,2期映濤軒 8座 高層 D室,740,售 $740 萬元,,637,3房,乾山巽向,私人屋苑,,山景,,美聯物業,2日前,https://www.28hse.com/buy/apartment/property-3896646,2002,,乾山巽向
^人見人愛簡約裝修^有心求賣^實盤可約睇^即買即住^,大角咀,港灣豪庭,7座 (2期) 高層,600,售 $600 萬元,,368,1房,子山午向,私人屋苑,雅緻裝修,開揚景|市景,,美聯物業代理有限公司,2日前,https://www.28hse.com/buy/apartment/property-3896643,2003,七運,子山午向
"未補地價 1 房 , 1 浴室 向西 居屋 望山景 望園景 望開揚景 望市景",牛池灣,彩興苑,A座 高層,435,售 $435 萬元,,368,1房,卯山酉向,居屋,,山景|園景|開揚景|市景,,凱樂物業有限公司,2日前,https://www.28hse.com/buy/apartment/property-3896642,,,卯山酉向
屯門 御半山 | 2期 2A座 高層 E室,屯門,御半山,2期 2A座 高層 E室,450,售 $450 萬元,,378,2房,子山午向,私人屋苑,,,,美聯物業,2日前,https://www.28hse.com/buy/apartment/property-3896641,2019,,子山午向
"1 房 , 1 浴室 向北 私人屋苑 嘉華 望園景 雅緻裝修",啟德,嘉匯,9座 高層,698,售 $698 萬元,,377,1房,午山子向,私人屋苑,雅緻裝修,園景,,美聯物業,2日前,https://www.28hse.com/buy/apartment/property-3896634,,,午山子向
^同區性價比之皇^實用兩房^基座有商場^匙盤即睇萬勿錯過^,大角咀,港灣豪庭,10座 (2期) 低層,560,售 $560 萬元,,347,2房,子山午向,私人屋苑,,,,美聯物業代理有限公司,2日前,https://www.28hse.com/buy/apartment/property-3896628,2003,七運,子山午向
【CLARY荀盤推介】全屋靚裝修 中層開揚 拎包即住,青衣,青華苑,華璇閣(B座) 中層 15室,400,售 $400 萬元,,394,2房,卯山酉向,居屋,雅緻裝修,開揚景,VR,利嘉閣地產有限公司,2日前,https://www.28hse.com/buy/apartment/property-3896621,1986,,卯山酉向
【豪裝近公園 三房靚則 把握時機】,美孚,美孚新邨,第八期 百老匯街110號 高層 B室,950,售 $950 萬元,,823,3房,子山午向,私人屋苑,雅緻裝修,,VR,利嘉閣地產有限公司,2日前,https://www.28hse.com/buy/apartment/property-3896608,1968,未知,子山午向
《中原地產》專組同事 謝絕假盤 熟盤/貼市/一定幫到你 歡迎查詢,元朗,朗日峰,低層 F室,475,售 $475 萬元,,369,2房,子山午向,私人屋苑,,,,中原地產,2日前,https://www.28hse.com/buy/apartment/property-3896599,,,子山午向
《中原地產》專組同事 謝絕假盤 熟盤/貼市/一定幫到你 歡迎查詢,元朗,尚悅方,低層 E室,340,售 $340 萬元,,252,1房,午山子向,私人屋苑,,,連平台,中原地產,2日前,https://www.28hse.com/buy/apartment/property-3896593,,,午山子向
蝕價急走！銀行估凸價！開揚必走筍盤！,元朗,峻巒,1C(PARK YOHO SICILIA) 1A座 低層 E室,495,售 $495 萬元,,449,2房,卯山酉向,私人屋苑,,,,中原地產代理限公司,2日前,https://www.28hse.com/buy/apartment/property-3896589,,,卯山酉向
東涌映灣性價比超高兩房單位，業主急走，還價即成,東涌,映灣園,1期賞濤軒 2座 高層 C室,580,售 $580 萬元,,520,2房,乾山巽向,私人屋苑,,,,美聯物業,2日前,https://www.28hse.com/buy/apartment/property-3896587,2002,,乾山巽向
荃灣 灣景花園 | 2座 高層 F室,荃灣,灣景花園,2座 高層 F室,980,售 $980 萬元,,773,3房,乾山巽向,私人屋苑,雅緻裝修,海景,,美聯物業(麗城分行),2日前,https://www.28hse.com/buy/apartment/property-3896582,1988,,乾山巽向
［Angel專營翠怡］海景兩房罕有~有匙即睇,青衣,翠怡花園,8座 中層,525,售 $525 萬元,,368,2房,午山子向,私人屋苑,,海景,,利嘉閣地產有限公司,2日前,https://www.28hse.com/buy/apartment/property-3896577,1989,,午山子向
^$1000萬內貫到大兩房^間格實用成交量多^收租自住皆宜^,奧運,浪澄灣,3座 中層,988,售 $988 萬元,,549,2房,子山午向,私人屋苑,,,,美聯物業代理有限公司,2日前,https://www.28hse.com/buy/apartment/property-3896575,2006,八運,子山午向
《中原地產》專組同事 熟盤/貼市/一定幫到你 歡迎查詢,元朗,峻巒,1C(PARK YOHO SICILIA) 1A座 高層 E室,500,售 $500 萬元,,449,1房,卯山酉向,私人屋苑,,,,中原地產,2日前,https://www.28hse.com/buy/apartment/property-3896572,,,卯山酉向
粉嶺 綠悠軒 | 4座 低層 G室,粉嶺,綠悠軒,4座 低層 G室,588,售 $588 萬元,,612,3房,卯山酉向,私人屋苑,,,,中原地產,2日前,https://www.28hse.com/buy/apartment/property-3896562,,,卯山酉向
^大膽還價業主求賣^樓皇海景可遇艱求^三房海景同區性價比最高^,奧運,浪澄灣,1座 中層,1980,"售 $1,980 萬元",,816,3房,子山午向,私人屋苑,,,,美聯物業代理有限公司,2日前,https://www.28hse.com/buy/apartment/property-3896557,2006,八運,子山午向
(晉誠地產VR實景) 《連車位》 向南有少海景！花草樹木！低密度靜！,屯門(青山公路),漣山,EBONY II (EII) 低層 B室,750,售 $750 萬元,,941,4房,子山午向,私人屋苑,,開揚景|海景,有會所|VR|室內車位,晉誠地產代理有限公司,2日前,https://www.28hse.com/buy/apartment/property-3896554,,,子山午向
(翠峰小築筍盤) 有少海景！連車位！青公路邊！極少放盤！,屯門(青山公路),翠峰小築,1座 低層,700,售 $700 萬元,,825,3房,子山午向,私人屋苑,,園景|海景,室內車位,晉誠地產代理有限公司,2日前,https://www.28hse.com/buy/apartment/property-3896550,,,子山午向
大膽還價 業主減磅 高回報新樓 大量學生醫護租客,屯門,御半山,1期 1A座 中層 A室,415,售 $415 萬元,,312,1房,卯山酉向,私人屋苑,,,,中原地產代理限公司,2日前,https://www.28hse.com/buy/apartment/property-3896543,2019,,卯山酉向
(晉誠地產全部真盤) 《有匙即看》 向南少海景！四正靚則！近三聖靜中帶旺！,屯門(青山公路),翠濤居,3座 低層 A室,675,售 $675 萬元,,843,4房,子山午向,私人屋苑,,園景|海景,有會所,晉誠地產代理有限公司,2日前,https://www.28hse.com/buy/apartment/property-3896542,,,子山午向
^企理裝修^人見人愛^換樓首選^歡迎約睇^同區最抵買^,奧運,維港灣,2座 低層,1280,"售 $1,280 萬元",,647,3房,子山午向,私人屋苑,,,,美聯物業代理有限公司,2日前,https://www.28hse.com/buy/apartment/property-3896531,2000,七運,子山午向
FB:Woody新界東樓盤-銀湖·天峰超筍3房半 靚裝修,馬鞍山,銀湖天峰,6座 中層 D室,1550,"售 $1,550 萬元",,919,3房,午山子向,私人屋苑,雅緻裝修,山景|開揚景|海景,,中原地產,2日前,https://www.28hse.com/buy/apartment/property-3896518,2009,,午山子向
奧運 海桃灣 | 3座 高層 F室,奧運,海桃灣,3座 高層 F室,1550,"售 $1,550 萬元",,635,3房,子山午向,私人屋苑,,,,美聯物業代理有限公司,2日前,https://www.28hse.com/buy/apartment/property-3896513,2005,八運,子山午向
[日訊物業獨家盤] 超平企理 先到先得 隨時睇樓,荃灣,環宇海灣,第8座 低層,700,售 $700 萬元,,498,2房,子山午向,私人屋苑,雅緻裝修,開揚景|樓景,獨家盤,日訊物業代理有限公司,2日前,https://www.28hse.com/buy/apartment/property-3896503,,,子山午向
$668萬 3分鐘地鐵 2房高層開揚景觀,元朗,世宙,第2座 高層 G室,680,售 $680 萬元,,429,2房,卯山酉向,私人屋苑,雅緻裝修,開揚景,,利嘉閣地產有限公司,2日前,https://www.28hse.com/buy/apartment/property-3896501,2016,八運,卯山酉向
#實盤、絕不浪費時間# 一房推介# #企理裝修# 上車必選# 歡迎查詢#,元朗,The YOHO Hub,B期 2座 低層 G室,628,售 $628 萬元,,349,1房,乾山巽向,私人屋苑,,山景|園景,有會所|近地鐵站|近大型商場|優質校網|有露台,美聯物業,2日前,https://www.28hse.com/buy/apartment/property-3896499,,,乾山巽向
黃大仙 現崇山 | 第1座 中層 D室,黃大仙,現崇山,第1座 中層 D室,1900,"售 $1,900 萬元",,975,4房,子山午向,私人屋苑,,,VR,利嘉閣地產有限公司,2日前,https://www.28hse.com/buy/apartment/property-3896498,,,子山午向
《中原地產》專組同事 謝絕假盤 熟盤/貼市/一定幫到你 歡迎查詢,元朗,峻巒,2B(PARK YOHO Napoli) 26座 中層 C室,668,售 $668 萬元,,561,2房,午山子向,私人屋苑,,,,中原地產,2日前,https://www.28hse.com/buy/apartment/property-3896491,,,午山子向
《中原地產》專組同事 謝絕假盤 熟盤/貼市/一定幫到你 歡迎查詢,元朗,峻巒,2C(PARK YOHO Milano) 32A座 低層,350,售 $350 萬元,,233,開放式,午山子向,私人屋苑,,,,中原地產,2日前,https://www.28hse.com/buy/apartment/property-3896486,,,午山子向
大圍 名城 | 2期(盛薈) 1座 中層 ND室,大圍,名城,2期(盛薈) 1座 中層 ND室,1250,"售 $1,250 萬元",,678,3房,乾山巽向,私人屋苑,,,,中原地產代理有限公司,2日前,https://www.28hse.com/buy/apartment/property-3896483,2011,,乾山巽向
必睇!!在家都可以打卡日夜靚景~近站,馬鞍山,聽濤雅苑,8座 高層,900,售 $900 萬元,,660,3房,乾山巽向,私人屋苑,,市景|海景,,美聯物業,2日前,https://www.28hse.com/buy/apartment/property-3896472,1997,七運,乾山巽向
美孚闊寬客飯廳連露台~收租自住佳宜,美孚,美孚新邨,第四期 百老匯街81號 低層 C室,1050,"售 $1,050 萬元",,869,3房,子山午向,私人屋苑,雅緻裝修,,近地鐵站|有露台|VR,美聯物業代理有限公司,2日前,https://www.28hse.com/buy/apartment/property-3896456,1968,未知,子山午向
[有匙] 正東山景三房套 大圍站上蓋,大圍,柏傲莊,III 1B座 中層,1920,"售 $1,920 萬元",,772,3房,子山午向,私人屋苑,,山景|開揚景|河景,有會所|有露台,美聯物業,2日前,https://www.28hse.com/buy/apartment/property-3896436,2022,,子山午向
精選4房雙套連工人套房 實盤約睇,馬鞍山,銀湖天峰,6座 低層 A室,2380,"售 $2,380 萬元",,1564,4房,子山午向,私人屋苑,雅緻裝修,園景|開揚景|海景,有露台,中原地產代理有限公司,2日前,https://www.28hse.com/buy/apartment/property-3896433,2009,,子山午向
元朗 峻巒 | 1B(PARK YOHO VENEZIA) 2A座 中層 D室,元朗,峻巒,1B(PARK YOHO VENEZIA) 2A座 中層 D室,610,售 $610 萬元,,530,2房,子山午向,私人屋苑,雅緻裝修,山景|園景,,利嘉閣地產有限公司,2日前,https://www.28hse.com/buy/apartment/property-3896428,,,子山午向
JL必走筍盤•低水2房•把握機會,青衣,藍澄灣,2座 低層 G室,530,售 $530 萬元,,485,2房,午山子向,私人屋苑,,,,利嘉閣地產有限公司,2日前,https://www.28hse.com/buy/apartment/property-3896407,2000,,午山子向
（實盤推介）可試700！新裝3房！有票盡傾！,荃灣,怡景園,1座 中層 A室,708,售 $708 萬元,,489,3房,子山午向,私人屋苑,雅緻裝修,山景|開揚景,,美聯物業,2日前,https://www.28hse.com/buy/apartment/property-3896399,,,子山午向
【世紀21-有匙即看】3房套《歡迎還價》鄰近三聖！優質屋苑！海景開揚,屯門(青山公路),翠濤居,3座 低層,675,售 $675 萬元,,843,3房,子山午向,私人屋苑,雅緻裝修,園景|開揚景,有會所,世紀21天生置業,2日前,https://www.28hse.com/buy/apartment/property-3896394,,,子山午向
【方廳罕有放盤】 開揚園景 可睇有票可議,青衣,灝景灣,11座 高層 F室,1250,"售 $1,250 萬元",,703,3房,丑山未向,私人屋苑,,,,利嘉閣地產有限公司,2日前,https://www.28hse.com/buy/apartment/property-3896384,1998,七運,丑山未向
快閃三房海景 罕有放盤 把握機會,奧運,海桃灣,3座 高層 F室,1550,"售 $1,550 萬元",,635,3房,子山午向,私人屋苑,,,,美聯物業代理有限公司,2日前,https://www.28hse.com/buy/apartment/property-3896380,2005,八運,子山午向
【485萬】【開揚大1房】 有票幫你盡傾,深水埗,海峯,海峰 中層,485,售 $485 萬元,,306,1房,乾山巽向,私人屋苑,,,,美聯物業代理有限公司,2日前,https://www.28hse.com/buy/apartment/property-3896374,,,乾山巽向
大角咀 i-home | I-HOME 中層,大角咀,i-home,I-HOME 中層,590,售 $590 萬元,,380,1房,子山午向,私人屋苑,,,,美聯物業代理有限公司,2日前,https://www.28hse.com/buy/apartment/property-3896369,,,子山午向
尊貴山景府邸：玖瓏山 3房1套連工人房,沙田,玖瓏山,月瓏閣 2座 中層 B室,1378,"售 $1,378 萬元",,953,3房,乾山巽向,私人屋苑,,,VR,中原地產代理限公司,2日前,https://www.28hse.com/buy/apartment/property-3896351,,,乾山巽向
【808萬】【實用兩房】【球場靚景】,長沙灣,喜韻,1座 高層 C室,843,售 $843 萬元,,506,2房,子山午向,私人屋苑,,,,美聯物業代理有限公司,2日前,https://www.28hse.com/buy/apartment/property-3896322,,,子山午向
荃灣 怡景園 | 1座 中層 D室,荃灣,怡景園,1座 中層 D室,788,售 $788 萬元,,616,3房,乾山巽向,私人屋苑,,,獨家盤,中原地產代理限公司,2日前,https://www.28hse.com/buy/apartment/property-3896297,,,乾山巽向
大圍 柏傲莊 | III 1A座 低層 A室,大圍,柏傲莊,III 1A座 低層 A室,2150,"售 $2,150 萬元",,991,3房,午山子向,私人屋苑,,,,中原地產代理有限公司,2日前,https://www.28hse.com/buy/apartment/property-3896289,2022,,午山子向
主區代理靚裝兩房必走盤 價錢可商議 歡迎諮詢！,屯門,大興花園,第二期 1座 低層 A室,368,售 $368 萬元,,419,2房,乾山巽向,私人屋苑,雅緻裝修,,,美聯物業,2日前,https://www.28hse.com/buy/apartment/property-3896283,1992,,乾山巽向
尊貴府邸：火炭新鴻基名牌駿景園優質 3房1套單位,火炭,駿景園,11座 中層,1360,"售 $1,360 萬元",,974,3房,乾山巽向,私人屋苑,,,VR,中原地產代理限公司,2日前,https://www.28hse.com/buy/apartment/property-3896252,1996,七運,乾山巽向
*真筍盤* 大單邊機場海景 罕有複式 睇過就知筍野,東涌,藍天海岸,第3期(影岸‧紅) 8座 (影岸．紅 B座) 高層 E室,1850,"售 $1,850 萬元",,1400,3房,卯山酉向,私人屋苑,雅緻裝修,開揚景|海景,,利嘉閣地產有限公司,2日前,https://www.28hse.com/buy/apartment/property-3896250,,,卯山酉向
荃灣 怡景園 | 1座 中層 D室,荃灣,怡景園,1座 中層 D室,788,售 $788 萬元,,616,3房,乾山巽向,私人屋苑,,,,中原地產代理限公司,2日前,https://www.28hse.com/buy/apartment/property-3896248,,,乾山巽向
荃灣 荃景花園 | 2座 中層 D室,荃灣,荃景花園,2座 中層 D室,588,售 $588 萬元,,434,2房,午山子向,私人屋苑,雅緻裝修,,,中原地產代理有限公司,2日前,https://www.28hse.com/buy/apartment/property-3896245,,,午山子向
(晉誠地產全部真盤) 《連車位》 平價4房套！環境清靜！,屯門(青山公路),海澄軒,2座 中層,600,售 $600 萬元,,702,4房,子山午向,私人屋苑,,開揚景,室內車位,晉誠地產代理有限公司,2日前,https://www.28hse.com/buy/apartment/property-3896226,,,子山午向
屯門南站 新地名牌半新樓 移民急走,屯門,御海灣,II 中層 P室,358,售 $358 萬元,,299,1房,卯山酉向,私人屋苑,雅緻裝修,開揚景|海景|河景,有會所|近地鐵站|近大型商場,美聯物業代理有限公司,2日前,https://www.28hse.com/buy/apartment/property-3896221,2016,八運,卯山酉向
實盤實價 市中心筍盤 【上車/收租精選】,屯門,屯門市廣場,2座 高層 F室,390,售 $390 萬元,,326,2房,卯山酉向,私人屋苑,雅緻裝修,開揚景,近地鐵站|近大型商場|優質校網,美聯物業代理有限公司,2日前,https://www.28hse.com/buy/apartment/property-3896217,1987,七運,卯山酉向
銀禧花園特色2房連私家平台 即買即租,火炭,銀禧花園,7座 高層 F室,650,售 $650 萬元,,414,2房,乾山巽向,私人屋苑,,,連平台|VR,中原地產代理限公司,2日前,https://www.28hse.com/buy/apartment/property-3896216,1985,七運,乾山巽向
【$618萬再傾！開揚景觀●特大一房！有票再有驚喜】,長沙灣,瑜悅,中層,630,售 $630 萬元,,350,1房,子山午向,私人屋苑,雅緻裝修,山景|開揚景,有會所|近地鐵站|有露台,美聯物業代理有限公司,2日前,https://www.28hse.com/buy/apartment/property-3896194,,,子山午向
沙田有質素三房超低水，有裝修，屋苑頂級配套自設十萬呎商場，有村巴直到新城市廣場,火炭,駿景園,3座 低層 A室,1020,"售 $1,020 萬元",,676,3房,乾山巽向,私人屋苑,豪華裝修,園景,,中原地產,2日前,https://www.28hse.com/buy/apartment/property-3896183,1996,七運,乾山巽向
火炭 晉名峰 | 1期 C座 高層 B室,火炭,晉名峰,1期 C座 高層 B室,3250,"售 $3,250 萬元",,1316,4房,卯山酉向,私人屋苑,,,有會所|有露台|連天台,中原地產代理有限公司,2日前,https://www.28hse.com/buy/apartment/property-3896180,,,卯山酉向
​尊貴府邸：火炭御龍山優質 4房單位,火炭,御龍山,8座 中層 A室,2495,"售 $2,495 萬元",,1409,4房,乾山巽向,私人屋苑,,山景|開揚景|河景,VR,中原地產代理限公司,2日前,https://www.28hse.com/buy/apartment/property-3896178,2009,,乾山巽向
"*獨家*翠綠公園景3+1房, 歡迎約睇",黃埔,黃埔花園,第十二期 2座 高層,1128,"售 $1,128 萬元",,729,4房,午山子向,私人屋苑,基本裝修,園景|開揚景,,迎富地產代理有限公司,2日前,https://www.28hse.com/buy/apartment/property-3853394,1986,七運,午山子向
大圍 名城 | 1期 3座 低層 NA室,大圍,名城,1期 3座 低層 NA室,1180,"售 $1,180 萬元",,677,3房,卯山酉向,私人屋苑,,,,中原地產代理有限公司,2日前,https://www.28hse.com/buy/apartment/property-3896156,2011,,卯山酉向
會德豐樓盤 OASIS最靚特色複式單位 連天台 即時約睇,啟德,Oasis Kai Tak,低座D座 高層 D室,4588,"售 $4,588 萬元",,1198,3房,子山午向,私人屋苑,豪華裝修,河景,有會所|近大型商場|連天台|VR,利嘉閣地產有限公司,2日前,https://www.28hse.com/buy/apartment/property-3896154,,,子山午向
[東涌利嘉閣真盤源] 映灣園最平3房套，9成按揭，歡迎查詢,東涌,映灣園,1期賞濤軒 3座 中層 H室,885,售 $885 萬元,,956,3房,卯山酉向,私人屋苑,,開揚景|海景,VR,利嘉閣地產有限公司,2日前,https://www.28hse.com/buy/apartment/property-3896145,2002,,卯山酉向
"4 房 , 3 浴室 向西 私人屋苑 永泰 望園景 望開揚景 望海景 豪華裝修",九龍站,漾日居,1座 高層,3095,"售 $3,095 萬元",,1076,4房,卯山酉向,私人屋苑,豪華裝修,園景|開揚景|海景,,迎富地產代理有限公司,2日前,https://www.28hse.com/buy/apartment/property-3896139,,,卯山酉向
"1 房 , 1 浴室 向西南 私人屋苑",深水埗,安居閣,高層 B室,340,售 $340 萬元,,245,1房,子山午向,私人屋苑,,,,利嘉閣地產有限公司,2日前,https://www.28hse.com/buy/apartment/property-3896108,,,子山午向
（真實盤，可以議價&可以約睇）與其跟別人睇假盤，不如搵個有心幫你既中介搵荀盤仲好,將軍澳,The Parkside,2A座 中層 C室,930,售 $930 萬元,,510,2房,午山子向,私人屋苑,雅緻裝修,園景|開揚景,,中原地產,2日前,https://www.28hse.com/buy/apartment/property-3896107,,,午山子向
即買即住最平入場首選! 露台靚景內街清靜，還價即成,何文田,半山壹號,第二期(富甲半山) 半山徑12號 低層,2100,"售 $2,100 萬元",,1137,3房,子山午向,私人屋苑,基本裝修,開揚景|樓景|市景,,美聯物業代理有限公司,2日前,https://www.28hse.com/buy/apartment/property-3896103,,,子山午向
《靚裝內園 露台清靜 把握時機》,美孚,美孚新邨,第三期 吉利徑6號 低層 C室,798,售 $798 萬元,,717,4房,子山午向,私人屋苑,雅緻裝修,,VR,利嘉閣地產有限公司,2日前,https://www.28hse.com/buy/apartment/property-3896102,1968,未知,子山午向
上車精選 內園美景 鄰近屯馬及荃灣港鐡雙站優勢,美孚,美孚新邨,第一期 百老匯街15號 低層 C室,600,售 $600 萬元,,485,1房,子山午向,私人屋苑,,,,利嘉閣地產有限公司,2日前,https://www.28hse.com/buy/apartment/property-3896097,1968,未知,子山午向
荔枝角 昇悅居 | 2座 高層 G室,荔枝角,昇悅居,2座 高層 G室,1030,"售 $1,030 萬元",,517,2房,子山午向,私人屋苑,,海景,,利嘉閣地產有限公司,2日前,https://www.28hse.com/buy/apartment/property-3896079,2003,七運,子山午向
沙田 沙田第一城 | 2期 23座 低層 E室,沙田,沙田第一城,2期 23座 低層 E室,630,售 $630 萬元,,451,3房,乾山巽向,私人屋苑,基本裝修,,近地鐵站|近大型商場|優質校網,中原地產,2日前,https://www.28hse.com/buy/apartment/property-3896054,1983,未知,乾山巽向
單邊東南全海景，罕有放盤，有鎖匙隨時約睇，機不可失,青衣,盈翠半島,12座 中層 D室,1250,"售 $1,250 萬元",,653,3房,乾山巽向,私人屋苑,,海景,,中原地產代理有限公司,2日前,https://www.28hse.com/buy/apartment/property-3896027,2000,,乾山巽向
《開揚海景，特高樓底，光猛明廁，實用一房》,深水埗,傲凱,高層 A室,508,售 $508 萬元,,287,1房,子山午向,私人屋苑,雅緻裝修,海景,有會所|近地鐵站|近大型商場|優質校網,中原地產-碧海藍天分行,2日前,https://www.28hse.com/buy/apartment/property-3895965,,,子山午向
沙田 沙田第一城 | 2期 23座 低層 E室,沙田,沙田第一城,2期 23座 低層 E室,630,售 $630 萬元,,451,3房,乾山巽向,私人屋苑,,,,中原地產,2日前,https://www.28hse.com/buy/apartment/property-3895952,1983,未知,乾山巽向
銀禧花園，真實筍盤，東南馬場靚河景,火炭,銀禧花園,7座 中層 C室,650,售 $650 萬元,,510,2房,乾山巽向,私人屋苑,,,,中原地產代理有限公司,2日前,https://www.28hse.com/buy/apartment/property-3895940,1985,七運,乾山巽向
蝕讓可議 罕有複式 連天台 3房2廳,奧運,浪澄灣,1座 高層 B室,3068,"售 $3,068 萬元",,1202,4房,子山午向,洋樓,,,近地鐵站|連天台|連平台,中興地產有限公司,2日前,https://www.28hse.com/buy/apartment/property-3854232,2006,八運,子山午向
《開揚遠景，即刻入住，一分鐘到站，有匙即睇》,長沙灣,瑜悅,高層 G室,635,售 $635 萬元,,350,1房,午山子向,私人屋苑,,山景,有會所|近地鐵站|近大型商場|優質校網|有露台,中原地產-碧海藍天分行,2日前,https://www.28hse.com/buy/apartment/property-3895896,,,午山子向
"極高層不低於25樓,,旺角最方便,型格天際會所,5分鐘朗豪坊",旺角,SKYPARK,高層,690,售 $690 萬元,,404,1房,子山午向,私人屋苑,,開揚景,有會所|近地鐵站|近大型商場|有露台,富榮地產代理,2日前,https://www.28hse.com/buy/apartment/property-3895890,,,子山午向
美聯KC推介 極少有放盤 東南維港煙花景 高層超開揚 夜景美如畫,青衣,盈翠半島,12座 高層 F室,1650,"售 $1,650 萬元",,788,4房,乾山巽向,私人屋苑,,開揚景|市景|海景,,美聯物業,3日前,https://www.28hse.com/buy/apartment/property-3895879,2000,,乾山巽向
美聯誠意推介 東南露台池園自住收租比票還價盡傾 Michelle,馬灣,珀麗灣,第5期 30座 中層,560,售 $560 萬元,,507,2房,子山午向,私人屋苑,,園景,VR,美聯物業,3日前,https://www.28hse.com/buy/apartment/property-3895864,,,子山午向
【全場至抵】實用向東大一房！大量盤源！開放式7.8m起！小紅書Simonchoy,灣仔,囍滙,第二期 第3座 低層,1138,"售 $1,138 萬元",,441,1房,子山午向,私人屋苑,,樓景,有會所|近地鐵站|近大型商場|優質校網|有露台,忠建地產,3日前,https://www.28hse.com/buy/apartment/property-3852937,2014,,子山午向
粉嶺 碧湖花園 | 6座 高層 F室,粉嶺,碧湖花園,6座 高層 F室,399,售 $399 萬元,,400,2房,乾山巽向,私人屋苑,雅緻裝修,山景|園景|開揚景,,美聯物業,3日前,https://www.28hse.com/buy/apartment/property-3895860,,,乾山巽向
實盤可睇 上車筍盤 $400餘萬,長沙灣,One Madison,ONE MADISON 中層 D室,425,售 $425 萬元,,250,1房,午山子向,私人屋苑,,,,中原地產代理有限公司,3日前,https://www.28hse.com/buy/apartment/property-3895838,,,午山子向
上水 御皇庭 | 第二座 中層 A室,上水,御皇庭,第二座 中層 A室,478,售 $478 萬元,,372,2房,午山子向,私人屋苑,,,,中原地產代理有限公司,3日前,https://www.28hse.com/buy/apartment/property-3895836,,,午山子向
3 房 向西北 私人屋苑 新鴻基,上水,奕翠園,7座 低層,780,售 $780 萬元,,942,3房,卯山酉向,私人屋苑,,,,美聯物業,3日前,https://www.28hse.com/buy/apartment/property-3895815,,,卯山酉向
新鴻基品牌，大膽還價，絕對有信心幫你傾,上水,皇府山,7座 高層 C室,597,售 $597 萬元,,503,2房,卯山酉向,私人屋苑,,,,美聯物業,3日前,https://www.28hse.com/buy/apartment/property-3895797,,,卯山酉向
#兩房 #免裝 #即買即住 #收租回報高 #求實在買家,屯門,Novo Land,2B期 Arreso 2座 低層,535,售 $535 萬元,,411,2房,午山子向,私人屋苑,,,,中原地產,3日前,https://www.28hse.com/buy/apartment/property-3895789,,,午山子向
(晉誠地產筍盤推介) 1座海凌霄樓皇！正南無摭擋青馬橋海景《此物業經本人購入》,深井(荃灣),碧堤半島,1座 中層 B室,1260,"售 $1,260 萬元",,908,3房,子山午向,私人屋苑,雅緻裝修,海景,有會所,晉誠地產代理有限公司,3日前,https://www.28hse.com/buy/apartment/property-3895787,,,子山午向
***向南***筍盤 - 3房**,天水圍,嘉湖山莊,第6期(美湖居) 8座 中層,475,售 $475 萬元,,540,3房,乾山巽向,私人屋苑,,開揚景,VR,中原地產,3日前,https://www.28hse.com/buy/apartment/property-3895746,1992,七運,乾山巽向
屯門 卓爾居 | 第二期 6座 中層,屯門,卓爾居,第二期 6座 中層,604,售 $604 萬元,,524,2房,午山子向,私人屋苑,,開揚景,有會所|近地鐵站|近大型商場,美聯物業,3日前,https://www.28hse.com/buy/apartment/property-3895736,,,午山子向
急召【有無認真買家 帶票衝擊４字頭】急召,屯門,御半山,2期 2B座 中層 A室,560,售 $560 萬元,,454,2房,卯山酉向,私人屋苑,雅緻裝修,山景|開揚景,,美聯物業,3日前,https://www.28hse.com/buy/apartment/property-3895734,2019,,卯山酉向
實盤！可睇樓！縉皇居3房1套+工人房,深井(荃灣),縉皇居,3座 中層 D室,780,售 $780 萬元,,753,3房,子山午向,私人屋苑,雅緻裝修,海景|泳池景,,美聯物業代理有限公司,3日前,https://www.28hse.com/buy/apartment/property-3895732,,,子山午向
(晉誠地產VR+Youtube) 特色大平台+天台！全海景！哈羅家長必睇！,屯門(青山公路),滿名山,滿庭 2座 高層,2700,"售 $2,700 萬元",,1412,4房,子山午向,私人屋苑,豪華裝修,海景,有露台|連天台|連平台|VR,晉誠地產代理有限公司,3日前,https://www.28hse.com/buy/apartment/property-3895731,,,子山午向
《$100 印花稅》 收租神器！,粉嶺,逸峯,第1座 中層 E室,380,售 $380 萬元,,300,開放式,子山午向,私人屋苑,,,,中原地產,3日前,https://www.28hse.com/buy/apartment/property-3895696,,,子山午向
珀麗灣 ·尊尚三房露臺單位（香港置業好推介）歡迎查詢 Rebecca Wong,馬灣,珀麗灣,第3期 23座 低層 A室,660,售 $660 萬元,,607,3房,卯山酉向,私人屋苑,,開揚景,,香港置業,3日前,https://www.28hse.com/buy/apartment/property-3895687,,,卯山酉向
維港煙花東南海景，全落地玻璃銀幕景觀，難得業主割愛，機不可失,青衣,盈翠半島,12座 高層 F室,1650,"售 $1,650 萬元",,788,4房,乾山巽向,私人屋苑,,海景,,中原地產代理有限公司,3日前,https://www.28hse.com/buy/apartment/property-3895673,2000,,乾山巽向
(晉誠地產獨家代理) 《有匙即看》 有VR東南3房套有海景！哈羅隔離！必睇筍盤！,屯門(青山公路),滿名山,滿庭 9座 高層,900,售 $900 萬元,,839,3房,乾山巽向,私人屋苑,,開揚景|海景,有會所|有露台|VR|獨家盤,晉誠地產代理有限公司,3日前,https://www.28hse.com/buy/apartment/property-3895666,,,乾山巽向
